-- phpMyAdmin SQL Dump
-- version 4.1.14
-- http://www.phpmyadmin.net
--
-- Host: 127.0.0.1
-- Generation Time: Nov 14, 2014 at 01:44 PM
-- Server version: 5.6.17
-- PHP Version: 5.5.12

SET SQL_MODE = "NO_AUTO_VALUE_ON_ZERO";
SET time_zone = "+00:00";


/*!40101 SET @OLD_CHARACTER_SET_CLIENT=@@CHARACTER_SET_CLIENT */;
/*!40101 SET @OLD_CHARACTER_SET_RESULTS=@@CHARACTER_SET_RESULTS */;
/*!40101 SET @OLD_COLLATION_CONNECTION=@@COLLATION_CONNECTION */;
/*!40101 SET NAMES utf8 */;

--
-- Database: `apt_warehouse`
--

-- --------------------------------------------------------

--
-- Table structure for table `app_log`
--

CREATE TABLE IF NOT EXISTS `app_log` (
  `id_app_log` int(11) NOT NULL AUTO_INCREMENT,
  `al_url` varchar(255) NOT NULL,
  `al_user` varchar(255) NOT NULL,
  `al_ip_address` varchar(20) NOT NULL,
  `al_update_on` timestamp NOT NULL DEFAULT CURRENT_TIMESTAMP,
  PRIMARY KEY (`id_app_log`)
) ENGINE=InnoDB  DEFAULT CHARSET=utf8 AUTO_INCREMENT=750 ;

--
-- Dumping data for table `app_log`
--

INSERT INTO `app_log` (`id_app_log`, `al_url`, `al_user`, `al_ip_address`, `al_update_on`) VALUES
(1, 'user/login/profile/1', 'baru', '', '2014-08-22 13:11:45'),
(2, 'chz/transaction', 'baru', '', '2014-08-22 13:11:58'),
(3, 'chz/transaction', 'baru', '', '2014-08-22 13:13:08'),
(4, 'chz/transaction', 'baru', '', '2014-08-22 13:13:29'),
(5, 'chz/transaction', 'baru', '', '2014-08-22 13:13:52'),
(6, 'chz/transaction', 'baru', '::1', '2014-08-22 13:14:29'),
(7, 'chz/transaction', 'baru', '::1', '2014-08-22 13:15:05'),
(8, 'user/login', 'guest', '::1', '2014-08-22 13:16:32'),
(9, 'user/login', 'guest', '::1', '2014-08-22 13:16:52'),
(10, 'user/login', 'guest', '::1', '2014-08-22 13:17:34'),
(11, 'user/login', 'guest', '::1', '2014-08-22 13:18:11'),
(12, 'user/login/profile/3', 'admin', '::1', '2014-08-22 13:25:31'),
(13, 'whz/admin/whz_list', 'admin', '::1', '2014-08-22 13:26:47'),
(14, 'whz/admin/whz_jenis_search', 'admin', '::1', '2014-08-22 13:26:56'),
(15, 'whz/admin/whz_jenis_search', 'admin', '::1', '2014-08-22 13:26:59'),
(16, 'whz/admin/whz_jenis_search', 'admin', '::1', '2014-08-22 13:28:40'),
(17, 'whz/admin/whz_jenis_search', 'admin', '::1', '2014-08-22 13:28:57'),
(18, 'whz/admin/whz_jenis_search', 'admin', '::1', '2014-08-22 13:29:16'),
(19, 'whz/admin/whz_jenis_search', 'admin', '::1', '2014-08-22 13:29:28'),
(20, 'whz/admin/whz_jenis_search', 'admin', '::1', '2014-08-22 13:31:47'),
(21, 'whz/admin/whz_jenis_search', 'admin', '::1', '2014-08-22 13:31:57'),
(22, 'whz/admin/whz_jenis_search', 'admin', '::1', '2014-08-22 13:33:18'),
(23, 'whz/admin/whz_jenis_search', 'admin', '::1', '2014-08-22 13:33:43'),
(24, 'whz/admin/whz_jenis_search', 'admin', '::1', '2014-08-22 13:34:04'),
(25, 'whz/admin/whz_jenis_search', 'admin', '::1', '2014-08-22 13:35:56'),
(26, 'whz/admin/export_pdf_jenis', 'admin', '::1', '2014-08-22 13:54:03'),
(27, 'whz/admin/export_pdf_jenis', 'admin', '::1', '2014-08-22 13:54:19'),
(28, 'whz/admin/export_pdf_jenis', 'admin', '::1', '2014-08-22 13:54:47'),
(29, 'whz/admin/export_pdf_jenis', 'admin', '::1', '2014-08-22 13:55:45'),
(30, 'whz/admin/export_pdf_jenis', 'admin', '::1', '2014-08-22 13:56:14'),
(31, 'whz/admin/export_pdf_jenis', 'admin', '::1', '2014-08-22 13:56:27'),
(32, 'whz/admin/export_pdf_jenis', 'admin', '::1', '2014-08-22 13:56:57'),
(33, 'whz/admin/export_pdf_jenis', 'admin', '::1', '2014-08-22 13:58:19'),
(34, 'whz/admin/whz_search', 'admin', '::1', '2014-08-22 14:00:51'),
(35, 'whz/admin/export_pdf_all', 'admin', '::1', '2014-08-22 14:02:17'),
(36, 'whz/admin/export_pdf_all', 'admin', '::1', '2014-08-22 14:02:38'),
(37, 'whz/admin/export_pdf_all', 'admin', '::1', '2014-08-22 14:06:30'),
(38, 'whz/admin/export_pdf_all', 'admin', '::1', '2014-08-22 14:06:57'),
(39, 'whz/admin/export_pdf_all', 'admin', '::1', '2014-08-22 14:07:18'),
(40, 'whz/admin/export_pdf_all', 'admin', '::1', '2014-08-22 14:07:29'),
(41, 'whz/admin/export_pdf_all', 'admin', '::1', '2014-08-22 14:07:49'),
(42, 'whz/admin/export_pdf_all', 'admin', '::1', '2014-08-22 14:08:11'),
(43, 'whz/admin/export_pdf_all', 'admin', '::1', '2014-08-22 14:09:29'),
(44, 'setting/application/supplier', 'admin', '::1', '2014-08-22 14:10:04'),
(45, 'whz/admin', 'admin', '::1', '2014-08-22 14:10:07'),
(46, 'whz/admin', 'admin', '::1', '2014-08-22 14:13:00'),
(47, 'whz/admin', 'admin', '::1', '2014-08-22 14:17:27'),
(48, 'whz/admin', 'admin', '::1', '2014-08-22 14:18:02'),
(49, 'whz/admin', 'admin', '::1', '2014-08-22 14:18:32'),
(50, 'whz/admin', 'admin', '::1', '2014-08-22 14:18:57'),
(51, 'whz/admin', 'admin', '::1', '2014-08-22 14:19:15'),
(52, 'whz/admin', 'admin', '::1', '2014-08-22 14:20:14'),
(53, 'user/login', 'guest', '::1', '2014-08-22 14:22:37'),
(54, 'user/login', 'guest', '::1', '2014-08-22 14:29:45'),
(55, 'user/login', 'guest', '::1', '2014-08-23 00:47:15'),
(56, 'user/login/profile/1', 'baru', '::1', '2014-08-23 00:48:01'),
(57, 'chz/transaction/report', 'baru', '::1', '2014-08-23 00:48:04'),
(58, 'chz/transaction', 'baru', '::1', '2014-08-23 00:49:16'),
(59, 'chz/transaction/cont_transaction/15', 'baru', '::1', '2014-08-23 00:49:23'),
(60, 'chz/transaction/cont_transaction/15', 'baru', '::1', '2014-08-23 00:51:09'),
(61, 'chz/transaction/cont_transaction/15', 'baru', '::1', '2014-08-23 00:51:40'),
(62, 'chz/transaction/cont_transaction/15', 'baru', '::1', '2014-08-23 00:52:33'),
(63, 'chz/transaction/cont_transaction/15', 'baru', '::1', '2014-08-23 00:52:58'),
(64, 'chz/transaction/cont_transaction/15', 'baru', '::1', '2014-08-23 00:53:21'),
(65, 'chz/transaction/cont_transaction/15', 'baru', '::1', '2014-08-23 00:53:52'),
(66, 'chz/transaction/cont_transaction/15', 'baru', '::1', '2014-08-23 00:55:18'),
(67, 'chz/transaction/cont_transaction/15', 'baru', '::1', '2014-08-23 00:56:41'),
(68, 'chz/transaction/cont_transaction/15', 'baru', '::1', '2014-08-23 00:58:25'),
(69, 'chz/transaction/cont_transaction/15', 'baru', '::1', '2014-08-23 00:58:49'),
(70, 'chz/transaction/cont_transaction/15', 'baru', '::1', '2014-08-23 00:59:31'),
(71, 'chz/transaction/cont_transaction/15', 'baru', '::1', '2014-08-23 01:01:01'),
(72, 'chz/transaction/cont_transaction/15', 'baru', '::1', '2014-08-23 01:01:39'),
(73, 'chz/transaction/cont_transaction/15', 'baru', '::1', '2014-08-23 01:02:05'),
(74, 'chz/transaction/cont_transaction/15', 'baru', '::1', '2014-08-23 01:02:43'),
(75, 'chz/transaction/cont_transaction/15', 'baru', '::1', '2014-08-23 01:02:51'),
(76, 'chz/transaction/cont_transaction/15', 'baru', '::1', '2014-08-23 01:03:00'),
(77, 'chz/transaction/cont_transaction/15', 'baru', '::1', '2014-08-23 01:03:38'),
(78, 'chz/transaction/cont_transaction/15', 'baru', '::1', '2014-08-23 01:04:13'),
(79, 'chz/transaction/cont_transaction/15', 'baru', '::1', '2014-08-23 01:04:23'),
(80, 'chz/transaction/cont_transaction/15', 'baru', '::1', '2014-08-23 01:05:09'),
(81, 'chz/transaction/cont_transaction/15', 'baru', '::1', '2014-08-23 01:05:46'),
(82, 'chz/transaction/cont_transaction/15', 'baru', '::1', '2014-08-23 01:06:06'),
(83, 'chz/transaction/cont_transaction/15', 'baru', '::1', '2014-08-23 01:06:17'),
(84, 'chz/transaction/cont_transaction/15', 'baru', '::1', '2014-08-23 01:07:18'),
(85, 'chz/transaction/cont_transaction/15', 'baru', '::1', '2014-08-23 01:07:28'),
(86, 'chz/transaction/cont_transaction/15', 'baru', '::1', '2014-08-23 01:09:01'),
(87, 'chz/transaction/cont_transaction/15', 'baru', '::1', '2014-08-23 01:10:02'),
(88, 'chz/transaction/cont_transaction/15', 'baru', '::1', '2014-08-23 01:10:17'),
(89, 'chz/transaction/cont_transaction/15', 'baru', '::1', '2014-08-23 01:10:27'),
(90, 'chz/transaction/cont_transaction/15', 'baru', '::1', '2014-08-23 01:13:13'),
(91, 'chz/transaction/cont_transaction/15', 'baru', '::1', '2014-08-23 01:13:25'),
(92, 'chz/transaction/cont_transaction/15', 'baru', '::1', '2014-08-23 01:13:37'),
(93, 'chz/transaction/cont_transaction/15', 'baru', '::1', '2014-08-23 01:13:46'),
(94, 'chz/transaction/cont_transaction/15', 'baru', '::1', '2014-08-23 01:13:53'),
(95, 'chz/transaction/cont_transaction/15', 'baru', '::1', '2014-08-23 01:14:03'),
(96, 'chz/transaction/cont_transaction/15', 'baru', '::1', '2014-08-23 01:14:58'),
(97, 'chz/transaction/cont_transaction/15', 'baru', '::1', '2014-08-23 01:15:01'),
(98, 'chz/transaction/cont_transaction/15', 'baru', '::1', '2014-08-23 01:15:02'),
(99, 'chz/transaction/cont_transaction/15', 'baru', '::1', '2014-08-23 01:15:04'),
(100, 'chz/transaction/cont_transaction/15', 'baru', '::1', '2014-08-23 01:15:09'),
(101, 'chz/transaction/cont_transaction/15', 'baru', '::1', '2014-08-23 01:15:23'),
(102, 'chz/transaction/cont_transaction/15', 'baru', '::1', '2014-08-23 01:16:22'),
(103, 'chz/transaction/cont_transaction/15', 'baru', '::1', '2014-08-23 01:16:31'),
(104, 'chz/transaction/cont_transaction/15', 'baru', '::1', '2014-08-23 01:16:42'),
(105, 'chz/transaction/cont_transaction/15', 'baru', '::1', '2014-08-23 01:16:54'),
(106, 'chz/transaction/cont_transaction/15', 'baru', '::1', '2014-08-23 01:17:04'),
(107, 'chz/transaction/cont_transaction/15', 'baru', '::1', '2014-08-23 01:17:12'),
(108, 'chz/transaction/cont_transaction/15', 'baru', '::1', '2014-08-23 01:17:19'),
(109, 'chz/transaction/cont_transaction/15', 'baru', '::1', '2014-08-23 01:18:42'),
(110, 'chz/transaction/cont_transaction/15', 'baru', '::1', '2014-08-23 01:18:55'),
(111, 'chz/transaction/cont_transaction/15', 'baru', '::1', '2014-08-23 01:19:01'),
(112, 'chz/transaction/cont_transaction/15', 'baru', '::1', '2014-08-23 01:19:07'),
(113, 'chz/transaction/cont_transaction/15', 'baru', '::1', '2014-08-23 01:19:11'),
(114, 'chz/transaction/cont_transaction/15', 'baru', '::1', '2014-08-23 01:20:22'),
(115, 'chz/transaction/cont_transaction/15/failed', 'baru', '::1', '2014-08-23 01:20:27'),
(116, 'chz/transaction/print_transaction', 'baru', '::1', '2014-08-23 01:20:38'),
(117, 'chz/transaction/print_transaction', 'baru', '::1', '2014-08-23 01:22:52'),
(118, 'chz/transaction/print_transaction', 'baru', '::1', '2014-08-23 01:23:18'),
(119, 'chz/transaction/print_transaction', 'baru', '::1', '2014-08-23 01:23:27'),
(120, 'chz/transaction/print_transaction', 'baru', '::1', '2014-08-23 01:23:55'),
(121, 'chz/transaction/cont_transaction/15/paid', 'baru', '::1', '2014-08-23 01:24:57'),
(122, 'chz/transaction/print_transaction', 'baru', '::1', '2014-08-23 01:27:28'),
(123, 'chz/transaction/cont_transaction/15/failed', 'baru', '::1', '2014-08-23 01:28:44'),
(124, 'chz/transaction/cont_transaction/15/failed', 'baru', '::1', '2014-08-23 01:28:47'),
(125, 'chz/transaction/print_transaction', 'baru', '::1', '2014-08-23 01:29:02'),
(126, 'chz/transaction/print_transaction', 'baru', '::1', '2014-08-23 01:29:20'),
(127, 'chz/transaction/print_transaction', 'baru', '::1', '2014-08-23 01:29:43'),
(128, 'chz/transaction/cont_transaction/15/failed', 'baru', '::1', '2014-08-23 01:32:48'),
(129, 'chz/transaction/print_transaction', 'baru', '::1', '2014-08-23 01:33:15'),
(130, 'chz/transaction/cont_transaction/15/failed', 'baru', '::1', '2014-08-23 01:33:59'),
(131, 'chz/transaction/report', 'baru', '::1', '2014-08-23 01:34:47'),
(132, 'chz/transaction/detail/7', 'baru', '::1', '2014-08-23 01:34:50'),
(133, 'chz/transaction', 'baru', '::1', '2014-08-23 01:34:56'),
(134, 'chz/transaction/report', 'baru', '::1', '2014-08-23 01:34:57'),
(135, 'chz/transaction/detail/8', 'baru', '::1', '2014-08-23 01:35:00'),
(136, 'chz/transaction/report', 'baru', '::1', '2014-08-23 01:35:02'),
(137, 'chz/transaction/detail/15', 'baru', '::1', '2014-08-23 01:35:04'),
(138, 'chz/transaction/report', 'baru', '::1', '2014-08-23 01:35:09'),
(139, 'chz/transaction/detail/15', 'baru', '::1', '2014-08-23 01:35:13'),
(140, 'chz/transaction/detail/15', 'baru', '::1', '2014-08-23 01:36:45'),
(141, 'chz/transaction/detail/15', 'baru', '::1', '2014-08-23 01:37:08'),
(142, 'chz/transaction/detail/15', 'baru', '::1', '2014-08-23 01:37:30'),
(143, 'chz/transaction/report', 'baru', '::1', '2014-08-23 01:42:41'),
(144, 'chz/transaction', 'baru', '::1', '2014-08-23 01:42:46'),
(145, 'chz/transaction/cont_transaction/16', 'baru', '::1', '2014-08-23 01:43:04'),
(146, 'chz/transaction/cont_transaction/16', 'baru', '::1', '2014-08-23 01:43:29'),
(147, 'chz/transaction/report', 'baru', '::1', '2014-08-23 01:43:41'),
(148, 'chz/transaction', 'baru', '::1', '2014-08-23 01:45:32'),
(149, 'chz/transaction/cont_transaction/17', 'baru', '::1', '2014-08-23 01:46:04'),
(150, 'chz/transaction/report', 'baru', '::1', '2014-08-23 01:46:16'),
(151, 'chz/transaction/detail/17', 'baru', '::1', '2014-08-23 01:46:22'),
(152, 'chz/transaction/report', 'baru', '::1', '2014-08-23 01:46:26'),
(153, 'user/login', 'guest', '::1', '2014-08-23 01:46:29'),
(154, 'user/login/profile/3', 'admin', '::1', '2014-08-23 01:46:33'),
(155, 'whz/admin/whz_list', 'admin', '::1', '2014-08-23 01:46:36'),
(156, 'chz/transaction/report', 'admin', '::1', '2014-08-23 01:46:39'),
(157, 'chz/transaction/report', 'admin', '::1', '2014-08-23 01:46:54'),
(158, 'chz/transaction/report/5', 'admin', '::1', '2014-08-23 01:46:56'),
(159, 'chz/transaction/report/5', 'admin', '::1', '2014-08-23 01:47:22'),
(160, 'chz/transaction/report', 'admin', '::1', '2014-08-23 01:47:24'),
(161, 'chz/transaction/report/5', 'admin', '::1', '2014-08-23 01:47:26'),
(162, 'chz/transaction/report/5', 'admin', '::1', '2014-08-23 01:47:48'),
(163, 'chz/transaction/report', 'admin', '::1', '2014-08-23 01:47:55'),
(164, 'chz/transaction/report', 'admin', '::1', '2014-08-23 01:48:07'),
(165, 'whz/admin/whz_search', 'admin', '::1', '2014-08-23 01:50:22'),
(166, 'chz/transaction/report', 'admin', '::1', '2014-08-23 01:50:27'),
(167, 'chz/transaction/report', 'admin', '::1', '2014-08-23 01:52:57'),
(168, 'chz/transaction/chz_search', 'admin', '::1', '2014-08-23 01:52:59'),
(169, 'chz/transaction/chz_search', 'admin', '::1', '2014-08-23 01:55:04'),
(170, 'chz/transaction/chz_search', 'admin', '::1', '2014-08-23 01:55:11'),
(171, 'chz/transaction/chz_search', 'admin', '::1', '2014-08-23 01:55:15'),
(172, 'chz/transaction/chz_search', 'admin', '::1', '2014-08-23 01:55:18'),
(173, 'chz/transaction/report', 'admin', '::1', '2014-08-23 01:55:52'),
(174, 'chz/transaction/report', 'admin', '::1', '2014-08-23 01:56:09'),
(175, 'chz/transaction/chz_search', 'admin', '::1', '2014-08-23 01:56:13'),
(176, 'chz/transaction/detail/7', 'admin', '::1', '2014-08-23 03:28:35'),
(177, 'chz/transaction/report', 'admin', '::1', '2014-08-23 05:14:00'),
(178, 'chz/transaction', 'admin', '::1', '2014-08-23 05:14:02'),
(179, 'user/login', 'guest', '::1', '2014-08-23 07:18:36'),
(180, 'user/login/profile/1', 'baru', '::1', '2014-08-23 07:18:42'),
(181, 'chz/transaction', 'baru', '::1', '2014-08-23 07:18:50'),
(182, 'chz/transaction/report', 'baru', '::1', '2014-08-23 07:18:51'),
(183, 'user/login', 'guest', '::1', '2014-08-23 07:57:56'),
(184, 'user/login/profile/3', 'admin', '::1', '2014-08-23 07:58:01'),
(185, 'whz/admin', 'admin', '::1', '2014-08-23 07:59:07'),
(186, 'whz/admin/whz_list', 'admin', '::1', '2014-08-23 07:59:39'),
(187, 'chz/transaction', 'admin', '::1', '2014-08-23 07:59:48'),
(188, 'chz/transaction/report', 'admin', '::1', '2014-08-23 08:00:49'),
(189, 'chz/transaction/detail/7', 'admin', '::1', '2014-08-23 08:00:53'),
(190, 'chz/transaction/detail/8', 'admin', '::1', '2014-08-23 08:01:00'),
(191, 'chz/transaction/detail/16', 'admin', '::1', '2014-08-23 08:01:08'),
(192, 'chz/transaction', 'admin', '::1', '2014-08-23 08:02:43'),
(193, 'chz/transaction/report', 'admin', '::1', '2014-08-23 08:02:46'),
(194, 'setting/application/supplier', 'admin', '::1', '2014-08-23 08:03:23'),
(195, 'setting/application/price_rate', 'admin', '::1', '2014-08-23 08:03:28'),
(196, 'whz/admin', 'admin', '::1', '2014-08-23 09:09:19'),
(197, 'user/login', 'guest', '::1', '2014-08-24 02:37:15'),
(198, 'user/login', 'guest', '::1', '2014-08-24 05:47:19'),
(199, 'user/login', 'guest', '::1', '2014-08-24 08:14:36'),
(200, 'user/login', 'guest', '::1', '2014-08-24 17:04:15'),
(201, 'user/login', 'guest', '::1', '2014-08-25 00:32:13'),
(202, 'user/login', 'guest', '::1', '2014-08-25 15:28:10'),
(203, 'user/login', 'guest', '::1', '2014-08-26 00:36:04'),
(204, 'user/login', 'guest', '::1', '2014-08-26 13:28:57'),
(205, 'user/login', 'guest', '::1', '2014-08-29 14:41:37'),
(206, 'user/login/profile/1', 'baru', '::1', '2014-08-29 14:41:47'),
(207, 'chz/transaction', 'baru', '::1', '2014-08-29 14:43:04'),
(208, 'user/login', 'guest', '::1', '2014-08-29 14:43:06'),
(209, 'user/login/profile/3', 'admin', '::1', '2014-08-29 14:43:11'),
(210, 'whz/admin', 'admin', '::1', '2014-08-29 14:43:41'),
(211, 'whz/admin', 'admin', '::1', '2014-08-29 14:49:51'),
(212, 'whz/admin/index', 'admin', '::1', '2014-08-29 14:53:00'),
(213, 'whz/admin/whz_list', 'admin', '::1', '2014-08-29 14:53:02'),
(214, 'whz/admin/whz_jenis_search', 'admin', '::1', '2014-08-29 14:53:09'),
(215, 'whz/admin/input_whz', 'admin', '::1', '2014-08-29 14:54:14'),
(216, 'whz/admin/input_whz', 'admin', '::1', '2014-08-29 14:54:54'),
(217, 'whz/admin/input_whz', 'admin', '::1', '2014-08-29 14:55:08'),
(218, 'whz/admin', 'admin', '::1', '2014-08-29 14:56:07'),
(219, 'whz/admin/input_whz', 'admin', '::1', '2014-08-29 14:56:44'),
(220, 'whz/admin', 'admin', '::1', '2014-08-29 14:57:05'),
(221, 'whz/admin/input_whz', 'admin', '::1', '2014-08-29 14:57:38'),
(222, 'whz/admin/index', 'admin', '::1', '2014-08-29 14:57:55'),
(223, 'whz/admin/input_whz', 'admin', '::1', '2014-08-29 14:59:20'),
(224, 'whz/admin/input_whz', 'admin', '::1', '2014-08-29 14:59:35'),
(225, 'whz/admin/input_whz', 'admin', '::1', '2014-08-29 15:00:12'),
(226, 'whz/admin/input_whz', 'admin', '::1', '2014-08-29 15:01:24'),
(227, 'whz/admin/index', 'admin', '::1', '2014-08-29 15:01:46'),
(228, 'whz/admin/index', 'admin', '::1', '2014-08-29 15:02:07'),
(229, 'whz/admin/whz_list', 'admin', '::1', '2014-08-29 15:02:23'),
(230, 'whz/admin/whz_list/10', 'admin', '::1', '2014-08-29 15:02:29'),
(231, 'whz/admin/whz_list', 'admin', '::1', '2014-08-29 15:02:33'),
(232, 'whz/admin/whz_list/10', 'admin', '::1', '2014-08-29 15:02:36'),
(233, 'whz/admin/whz_list', 'admin', '::1', '2014-08-29 15:02:38'),
(234, 'whz/admin/whz_list', 'admin', '::1', '2014-08-29 15:03:34'),
(235, 'whz/admin/whz_list', 'admin', '::1', '2014-08-29 15:03:42'),
(236, 'whz/admin/whz_list/10', 'admin', '::1', '2014-08-29 15:03:44'),
(237, 'whz/admin/whz_list', 'admin', '::1', '2014-08-29 15:03:45'),
(238, 'whz/admin/whz_list/10', 'admin', '::1', '2014-08-29 15:06:50'),
(239, 'whz/admin/whz_list', 'admin', '::1', '2014-08-29 15:06:53'),
(240, 'whz/admin/index', 'admin', '::1', '2014-08-29 15:07:23'),
(241, 'whz/admin/whz_list', 'admin', '::1', '2014-08-29 15:07:27'),
(242, 'whz/admin/whz_jenis_search', 'admin', '::1', '2014-08-29 15:07:38'),
(243, 'whz/admin', 'admin', '::1', '2014-08-29 15:07:45'),
(244, 'whz/admin/input_whz', 'admin', '::1', '2014-08-29 15:08:42'),
(245, 'whz/admin/input_whz', 'admin', '::1', '2014-08-29 15:09:10'),
(246, 'whz/admin/whz_list', 'admin', '::1', '2014-08-29 15:09:28'),
(247, 'whz/admin/whz_jenis_search', 'admin', '::1', '2014-08-29 15:09:32'),
(248, 'whz/admin/whz_list', 'admin', '::1', '2014-08-29 15:09:42'),
(249, 'whz/admin/whz_jenis_search', 'admin', '::1', '2014-08-29 15:09:45'),
(250, 'whz/admin/whz_list', 'admin', '::1', '2014-08-29 15:09:48'),
(251, 'whz/admin/whz_list', 'admin', '::1', '2014-08-29 15:09:52'),
(252, 'whz/admin/whz_list', 'admin', '::1', '2014-08-29 15:09:53'),
(253, 'whz/admin/whz_list', 'admin', '::1', '2014-08-29 15:09:55'),
(254, 'whz/admin/whz_list', 'admin', '::1', '2014-08-29 15:10:04'),
(255, 'whz/admin/whz_list', 'admin', '::1', '2014-08-29 15:11:39'),
(256, 'whz/admin/whz_list', 'admin', '::1', '2014-08-29 15:11:54'),
(257, 'whz/admin/whz_list', 'admin', '::1', '2014-08-29 15:12:19'),
(258, 'whz/admin/whz_list', 'admin', '::1', '2014-08-29 15:12:32'),
(259, 'whz/admin/whz_list', 'admin', '::1', '2014-08-29 15:12:46'),
(260, 'whz/admin/whz_list', 'admin', '::1', '2014-08-29 15:17:15'),
(261, 'whz/admin/whz_list', 'admin', '::1', '2014-08-29 15:18:20'),
(262, 'whz/admin/whz_list', 'admin', '::1', '2014-08-29 15:19:09'),
(263, 'whz/admin/whz_list', 'admin', '::1', '2014-08-29 15:20:34'),
(264, 'whz/admin/whz_list', 'admin', '::1', '2014-08-29 15:20:46'),
(265, 'whz/admin/whz_list', 'admin', '::1', '2014-08-29 15:21:24'),
(266, 'whz/admin/whz_list', 'admin', '::1', '2014-08-29 15:21:57'),
(267, 'whz/admin/whz_list', 'admin', '::1', '2014-08-29 15:22:10'),
(268, 'whz/admin/whz_list', 'admin', '::1', '2014-08-29 15:22:33'),
(269, 'whz/admin/whz_list', 'admin', '::1', '2014-08-29 15:24:05'),
(270, 'whz/admin/whz_list', 'admin', '::1', '2014-08-29 15:25:05'),
(271, 'whz/admin/whz_list', 'admin', '::1', '2014-08-29 15:26:52'),
(272, 'whz/admin/whz_list', 'admin', '::1', '2014-08-29 15:28:17'),
(273, 'whz/admin/whz_list', 'admin', '::1', '2014-08-29 15:29:31'),
(274, 'whz/admin/whz_list', 'admin', '::1', '2014-08-29 15:30:00'),
(275, 'whz/admin/whz_list', 'admin', '::1', '2014-08-29 15:30:19'),
(276, 'whz/admin/whz_list', 'admin', '::1', '2014-08-29 15:30:35'),
(277, 'whz/admin/whz_list', 'admin', '::1', '2014-08-29 15:30:59'),
(278, 'whz/admin/whz_jenis_search', 'admin', '::1', '2014-08-29 15:31:56'),
(279, 'whz/admin/edit_data/13', 'admin', '::1', '2014-08-29 15:32:02'),
(280, 'whz/admin/edit_data/13', 'admin', '::1', '2014-08-29 15:33:08'),
(281, 'whz/admin/edit_data/13', 'admin', '::1', '2014-08-29 15:33:32'),
(282, 'whz/admin/edit_data/13', 'admin', '::1', '2014-08-29 15:34:17'),
(283, 'whz/admin/edit_data/13', 'admin', '::1', '2014-08-29 15:36:14'),
(284, 'whz/admin/edit_data/13', 'admin', '::1', '2014-08-29 15:36:35'),
(285, 'whz/admin/edit_data/13', 'admin', '::1', '2014-08-29 15:37:22'),
(286, 'whz/admin/edit_data/13', 'admin', '::1', '2014-08-29 15:38:06'),
(287, 'whz/admin/edit_data/13', 'admin', '::1', '2014-08-29 15:38:40'),
(288, 'whz/admin/whz_list', 'admin', '::1', '2014-08-29 15:38:59'),
(289, 'whz/admin/whz_list', 'admin', '::1', '2014-08-29 15:39:08'),
(290, 'whz/admin/whz_list', 'admin', '::1', '2014-08-29 15:39:47'),
(291, 'whz/admin/edit_data/16', 'admin', '::1', '2014-08-29 15:40:00'),
(292, 'whz/admin/edit_data/16', 'admin', '::1', '2014-08-29 15:41:42'),
(293, 'whz/admin/whz_list', 'admin', '::1', '2014-08-29 15:41:48'),
(294, 'whz/admin/edit_data/13', 'admin', '::1', '2014-08-29 15:41:50'),
(295, 'whz/admin/edit_data/24', 'admin', '::1', '2014-08-29 15:42:00'),
(296, 'whz/admin/whz_list', 'admin', '::1', '2014-08-29 15:42:06'),
(297, 'chz/transaction', 'admin', '::1', '2014-08-29 15:42:13'),
(298, 'chz/transaction', 'admin', '::1', '2014-08-29 15:44:40'),
(299, 'chz/transaction/index/not_found', 'admin', '::1', '2014-08-29 15:44:50'),
(300, 'chz/transaction/cont_transaction/18', 'admin', '::1', '2014-08-29 15:46:46'),
(301, 'whz/admin/whz_list', 'admin', '::1', '2014-08-29 15:46:57'),
(302, 'whz/admin/edit_data/13', 'admin', '::1', '2014-08-29 15:47:02'),
(303, 'chz/transaction/cont_transaction/18', 'admin', '::1', '2014-08-29 15:47:09'),
(304, 'chz/transaction/cont_transaction/18', 'admin', '::1', '2014-08-29 15:47:37'),
(305, 'chz/transaction/cont_transaction/18', 'admin', '::1', '2014-08-29 15:47:41'),
(306, 'chz/transaction/cont_transaction/18', 'admin', '::1', '2014-08-29 15:47:43'),
(307, 'chz/transaction/cont_transaction/18', 'admin', '::1', '2014-08-29 15:47:44'),
(308, 'chz/transaction/cont_transaction/18', 'admin', '::1', '2014-08-29 15:47:47'),
(309, 'chz/transaction/report', 'admin', '::1', '2014-08-29 15:48:12'),
(310, 'chz/transaction/report', 'admin', '::1', '2014-08-29 15:49:38'),
(311, 'chz/transaction', 'admin', '::1', '2014-08-29 15:49:45'),
(312, 'chz/transaction', 'admin', '::1', '2014-08-29 15:49:48'),
(313, 'chz/transaction', 'admin', '::1', '2014-08-29 15:49:55'),
(314, 'chz/transaction/index/not_found', 'admin', '::1', '2014-08-29 15:50:06'),
(315, 'chz/transaction/index/not_found', 'admin', '::1', '2014-08-29 15:50:09'),
(316, 'whz/admin/whz_list', 'admin', '::1', '2014-08-29 15:50:17'),
(317, 'whz/admin/edit_data/10', 'admin', '::1', '2014-08-29 15:50:22'),
(318, 'chz/transaction/cont_transaction/19', 'admin', '::1', '2014-08-29 15:50:59'),
(319, 'chz/transaction/cont_transaction/19', 'admin', '::1', '2014-08-29 15:51:25'),
(320, 'chz/transaction/cont_transaction/19', 'admin', '::1', '2014-08-29 15:51:30'),
(321, 'chz/transaction/cont_transaction/19', 'admin', '::1', '2014-08-29 15:51:45'),
(322, 'chz/transaction/report', 'admin', '::1', '2014-08-29 15:51:47'),
(323, 'chz/transaction/detail/19', 'admin', '::1', '2014-08-29 15:51:51'),
(324, 'chz/transaction', 'admin', '::1', '2014-08-29 15:51:57'),
(325, 'user/login', 'guest', '::1', '2014-08-30 01:42:41'),
(326, 'user/login', 'guest', '::1', '2014-08-30 01:42:41'),
(327, 'user/login/profile/1', 'baru', '::1', '2014-08-30 03:31:10'),
(328, 'user/login', 'guest', '::1', '2014-08-30 03:31:15'),
(329, 'user/login/profile/3', 'admin', '::1', '2014-08-30 03:31:19'),
(330, 'whz/admin/whz_list', 'admin', '::1', '2014-08-30 03:31:25'),
(331, 'whz/admin/report_daily', 'admin', '::1', '2014-08-30 03:31:48'),
(332, 'whz/admin', 'admin', '::1', '2014-08-30 03:32:06'),
(333, 'chz/transaction', 'admin', '::1', '2014-08-30 03:32:10'),
(334, 'chz/transaction/cont_transaction/20', 'admin', '::1', '2014-08-30 03:32:14'),
(335, 'chz/transaction/cont_transaction/20', 'admin', '::1', '2014-08-30 03:32:20'),
(336, 'whz/admin/whz_list', 'admin', '::1', '2014-08-30 03:32:33'),
(337, 'whz/admin', 'admin', '::1', '2014-08-30 03:33:05'),
(338, 'whz/admin/index', 'admin', '::1', '2014-08-30 03:33:46'),
(339, 'whz/admin/whz_list', 'admin', '::1', '2014-08-30 03:33:48'),
(340, 'whz/admin/edit_data/25', 'admin', '::1', '2014-08-30 03:33:51'),
(341, 'chz/transaction/cont_transaction/20', 'admin', '::1', '2014-08-30 03:33:59'),
(342, 'whz/admin', 'admin', '::1', '2014-08-30 03:34:18'),
(343, 'whz/admin/report_daily', 'admin', '::1', '2014-08-30 03:34:25'),
(344, 'whz/admin/report_daily', 'admin', '::1', '2014-08-30 03:39:15'),
(345, 'whz/admin/report_daily', 'admin', '::1', '2014-08-30 03:39:52'),
(346, 'chz/transaction', 'admin', '::1', '2014-08-30 03:40:03'),
(347, 'chz/transaction/cont_transaction/21', 'admin', '::1', '2014-08-30 03:40:12'),
(348, 'chz/transaction', 'admin', '::1', '2014-08-30 03:40:23'),
(349, 'whz/admin/report_daily', 'admin', '::1', '2014-08-30 03:40:27'),
(350, 'whz/admin/report_daily', 'admin', '::1', '2014-08-30 03:41:13'),
(351, 'whz/admin/report_daily', 'admin', '::1', '2014-08-30 03:45:25'),
(352, 'whz/admin/report_daily', 'admin', '::1', '2014-08-30 03:45:51'),
(353, 'chz/transaction/report', 'admin', '::1', '2014-08-30 03:46:10'),
(354, 'whz/admin', 'admin', '::1', '2014-08-30 03:46:19'),
(355, 'whz/admin/report_daily', 'admin', '::1', '2014-08-30 03:48:47'),
(356, 'whz/admin/report_daily', 'admin', '::1', '2014-08-30 03:50:43'),
(357, 'whz/admin/report_daily', 'admin', '::1', '2014-08-30 03:51:41'),
(358, 'whz/admin/report_daily', 'admin', '::1', '2014-08-30 03:51:54'),
(359, 'whz/admin/report_daily', 'admin', '::1', '2014-08-30 03:52:30'),
(360, 'whz/admin/report_daily', 'admin', '::1', '2014-08-30 03:52:47'),
(361, 'whz/admin/report_daily', 'admin', '::1', '2014-08-30 03:53:23'),
(362, 'whz/admin/report_daily', 'admin', '::1', '2014-08-30 03:53:32'),
(363, 'whz/admin/report_daily', 'admin', '::1', '2014-08-30 03:53:48'),
(364, 'whz/admin/report_daily', 'admin', '::1', '2014-08-30 03:53:56'),
(365, 'whz/admin/report_daily', 'admin', '::1', '2014-08-30 03:54:25'),
(366, 'whz/admin/report_daily', 'admin', '::1', '2014-08-30 03:54:30'),
(367, 'whz/admin/report_daily', 'admin', '::1', '2014-08-30 03:54:36'),
(368, 'whz/admin/report_daily', 'admin', '::1', '2014-08-30 03:54:41'),
(369, 'whz/admin/report_daily', 'admin', '::1', '2014-08-30 03:55:05'),
(370, 'whz/admin/report_daily', 'admin', '::1', '2014-08-30 03:55:18'),
(371, 'whz/admin/report_daily', 'admin', '::1', '2014-08-30 03:56:45'),
(372, 'whz/admin/report_daily', 'admin', '::1', '2014-08-30 03:56:54'),
(373, 'whz/admin/export_daily_report', 'admin', '::1', '2014-08-30 04:05:19'),
(374, 'whz/admin/report_daily', 'admin', '::1', '2014-08-30 04:05:23'),
(375, 'whz/admin/export_daily_report', 'admin', '::1', '2014-08-30 04:05:29'),
(376, 'whz/admin/export_daily_report', 'admin', '::1', '2014-08-30 04:05:58'),
(377, 'whz/admin/export_daily_report', 'admin', '::1', '2014-08-30 04:06:16'),
(378, 'whz/admin/report_daily', 'admin', '::1', '2014-08-30 04:07:52'),
(379, 'whz/admin/report_daily', 'admin', '::1', '2014-08-30 04:08:08'),
(380, 'whz/admin/report_daily', 'admin', '::1', '2014-08-30 04:08:13'),
(381, 'whz/admin/export_daily_report', 'admin', '::1', '2014-08-30 05:19:01'),
(382, 'user/login', 'guest', '::1', '2014-08-30 15:31:47'),
(383, 'user/login', 'guest', '::1', '2014-09-01 13:34:53'),
(384, 'user/login', 'guest', '::1', '2014-09-01 13:34:55'),
(385, 'user/login', 'guest', '::1', '2014-09-05 13:39:06'),
(386, 'user/login', 'guest', '::1', '2014-09-05 13:39:10'),
(387, 'user/login/profile/3', 'admin', '::1', '2014-09-05 13:39:45'),
(388, 'chz/transaction', 'admin', '::1', '2014-09-05 13:39:55'),
(389, 'chz/transaction', 'admin', '::1', '2014-09-05 13:47:55'),
(390, 'chz/transaction', 'admin', '::1', '2014-09-05 13:48:53'),
(391, 'chz/transaction', 'admin', '::1', '2014-09-05 13:49:22'),
(392, 'chz/transaction', 'admin', '::1', '2014-09-05 13:49:46'),
(393, 'chz/transaction', 'admin', '::1', '2014-09-05 13:49:53'),
(394, 'chz/transaction', 'admin', '::1', '2014-09-05 13:50:12'),
(395, 'chz/transaction', 'admin', '::1', '2014-09-05 13:50:20'),
(396, 'whz/admin/whz_list', 'admin', '::1', '2014-09-05 13:52:33'),
(397, 'whz/admin/edit_data/13', 'admin', '::1', '2014-09-05 13:52:36'),
(398, 'chz/transaction/cont_transaction/22', 'admin', '::1', '2014-09-05 13:52:47'),
(399, 'chz/transaction', 'admin', '::1', '2014-09-05 13:54:46'),
(400, 'user/login', 'guest', '::1', '2014-09-05 17:55:38'),
(401, 'user/login', 'guest', '::1', '2014-09-05 17:55:38'),
(402, 'user/login', 'guest', '::1', '2014-09-05 17:55:38'),
(403, 'user/login', 'guest', '::1', '2014-09-06 00:43:08'),
(404, 'user/login', 'guest', '::1', '2014-09-06 00:43:08'),
(405, 'user/login', 'guest', '::1', '2014-09-06 00:43:08'),
(406, 'user/login', 'guest', '::1', '2014-09-06 03:16:35'),
(407, 'user/login/profile/3', 'admin', '::1', '2014-09-06 03:40:55'),
(408, 'whz/admin', 'admin', '::1', '2014-09-06 03:41:09'),
(409, 'chz/transaction', 'admin', '::1', '2014-09-06 03:41:12'),
(410, 'chz/transaction/return_transaction', 'admin', '::1', '2014-09-06 03:42:41'),
(411, 'chz/transaction/return_transaction', 'admin', '::1', '2014-09-06 03:42:56'),
(412, 'chz/transaction/return_transaction', 'admin', '::1', '2014-09-06 03:43:19'),
(413, 'chz/transaction/return_transaction', 'admin', '::1', '2014-09-06 03:43:29'),
(414, 'chz/transaction/return_transaction', 'admin', '::1', '2014-09-06 03:43:48'),
(415, 'chz/transaction/cont_transaction/23', 'admin', '::1', '2014-09-06 03:46:09'),
(416, 'chz/transaction/return_transaction', 'admin', '::1', '2014-09-06 03:46:13'),
(417, 'chz/transaction/search_transaction', 'admin', '::1', '2014-09-06 03:48:07'),
(418, 'chz/transaction/search_transaction', 'admin', '::1', '2014-09-06 03:48:28'),
(419, 'chz/transaction/search_transaction', 'admin', '::1', '2014-09-06 04:06:57'),
(420, 'chz/transaction/search_transaction', 'admin', '::1', '2014-09-06 04:07:20'),
(421, 'chz/transaction/search_transaction', 'admin', '::1', '2014-09-06 04:07:32'),
(422, 'chz/transaction/search_transaction', 'admin', '::1', '2014-09-06 04:08:16'),
(423, 'chz/transaction/search_transaction', 'admin', '::1', '2014-09-06 04:10:06'),
(424, 'chz/transaction/search_transaction', 'admin', '::1', '2014-09-06 04:10:40'),
(425, 'chz/transaction/search_transaction', 'admin', '::1', '2014-09-06 04:33:18'),
(426, 'chz/transaction/search_transaction', 'admin', '::1', '2014-09-06 04:33:39'),
(427, 'chz/transaction/search_transaction', 'admin', '::1', '2014-09-06 04:39:52'),
(428, 'chz/transaction/return_transaction', 'admin', '::1', '2014-09-06 04:45:55'),
(429, 'chz/transaction/search_transaction', 'admin', '::1', '2014-09-06 04:46:20'),
(430, 'chz/transaction/search_transaction', 'admin', '::1', '2014-09-06 04:46:39'),
(431, 'chz/transaction/search_transaction', 'admin', '::1', '2014-09-06 04:47:00'),
(432, 'chz/transaction', 'admin', '::1', '2014-09-06 04:47:10'),
(433, 'chz/transaction/return_transaction', 'admin', '::1', '2014-09-06 04:47:16'),
(434, 'chz/transaction/return_transaction', 'admin', '::1', '2014-09-06 04:47:46'),
(435, 'chz/transaction/return_transaction', 'admin', '::1', '2014-09-06 04:48:17'),
(436, 'chz/transaction/return_transaction', 'admin', '::1', '2014-09-06 04:48:38'),
(437, 'chz/transaction/search_transaction', 'admin', '::1', '2014-09-06 04:48:49'),
(438, 'chz/transaction/search_transaction', 'admin', '::1', '2014-09-06 04:49:09'),
(439, 'chz/transaction/search_transaction', 'admin', '::1', '2014-09-06 04:49:20'),
(440, 'chz/transaction/search_transaction', 'admin', '::1', '2014-09-06 04:50:37'),
(441, 'chz/transaction/search_transaction', 'admin', '::1', '2014-09-06 04:51:18'),
(442, 'chz/transaction/search_transaction', 'admin', '::1', '2014-09-06 04:51:54'),
(443, 'chz/transaction/search_transaction', 'admin', '::1', '2014-09-06 05:40:15'),
(444, 'chz/transaction/search_transaction', 'admin', '::1', '2014-09-06 05:40:26'),
(445, 'chz/transaction/search_transaction', 'admin', '::1', '2014-09-06 05:41:15'),
(446, 'chz/transaction/search_transaction', 'admin', '::1', '2014-09-06 05:44:11'),
(447, 'chz/transaction/return_item/27', 'admin', '::1', '2014-09-06 05:44:22'),
(448, 'chz/transaction/return_item/27', 'admin', '::1', '2014-09-06 05:44:44'),
(449, 'chz/transaction/search_transaction', 'admin', '::1', '2014-09-06 05:44:50'),
(450, 'chz/transaction/search_transaction', 'admin', '::1', '2014-09-06 05:45:12'),
(451, 'chz/transaction/return_item/27', 'admin', '::1', '2014-09-06 05:45:15'),
(452, 'chz/transaction/return_item/27', 'admin', '::1', '2014-09-06 05:48:09'),
(453, 'chz/transaction/return_item/27', 'admin', '::1', '2014-09-06 05:48:49'),
(454, 'chz/transaction/return_item/27', 'admin', '::1', '2014-09-06 05:48:51'),
(455, 'chz/transaction/search_transaction', 'admin', '::1', '2014-09-06 06:04:00'),
(456, 'chz/transaction/search_transaction', 'admin', '::1', '2014-09-06 06:04:19'),
(457, 'chz/transaction/search_transaction', 'admin', '::1', '2014-09-06 06:04:35'),
(458, 'chz/transaction/return_item/27', 'admin', '::1', '2014-09-06 06:05:44'),
(459, 'chz/transaction/search_transaction', 'admin', '::1', '2014-09-06 06:06:05'),
(460, 'chz/transaction/return_item/27', 'admin', '::1', '2014-09-06 06:06:07'),
(461, 'chz/transaction/return_item/27', 'admin', '::1', '2014-09-06 06:06:32'),
(462, 'chz/transaction/search_transaction', 'admin', '::1', '2014-09-06 06:06:47'),
(463, 'chz/transaction/return_item/27', 'admin', '::1', '2014-09-06 06:06:48'),
(464, 'chz/transaction/return_item/27', 'admin', '::1', '2014-09-06 06:07:52'),
(465, 'chz/transaction/search_transaction', 'admin', '::1', '2014-09-06 06:09:20'),
(466, 'chz/transaction/search_transaction', 'admin', '::1', '2014-09-06 06:10:03'),
(467, 'chz/transaction/return_item/27', 'admin', '::1', '2014-09-06 06:10:04'),
(468, 'chz/transaction/return_item/27', 'admin', '::1', '2014-09-06 06:10:44'),
(469, 'chz/transaction/return_item/27', 'admin', '::1', '2014-09-06 06:10:51'),
(470, 'chz/transaction/return_item/27', 'admin', '::1', '2014-09-06 06:11:50'),
(471, 'chz/transaction/search_transaction', 'admin', '::1', '2014-09-06 06:11:58'),
(472, 'chz/transaction/search_transaction', 'admin', '::1', '2014-09-06 06:12:29'),
(473, 'chz/transaction/search_transaction', 'admin', '::1', '2014-09-06 06:12:31'),
(474, 'user/login', 'guest', '::1', '2014-09-06 09:13:12'),
(475, 'user/login', 'guest', '::1', '2014-09-06 15:41:40'),
(476, 'user/login', 'guest', '::1', '2014-09-07 00:31:14'),
(477, 'user/login', 'guest', '::1', '2014-09-07 16:12:20'),
(478, 'user/login', 'guest', '::1', '2014-09-07 16:22:56'),
(479, 'user/login', 'guest', '::1', '2014-09-08 13:41:51'),
(480, 'user/login', 'guest', '::1', '2014-09-09 16:23:18'),
(481, 'user/login', 'guest', '::1', '2014-09-10 14:50:39'),
(482, 'user/login', 'guest', '::1', '2014-09-11 16:53:37'),
(483, 'user/login', 'guest', '::1', '2014-09-13 02:43:34'),
(484, 'user/login', 'guest', '::1', '2014-09-14 10:07:36'),
(485, 'user/login', 'guest', '::1', '2014-09-14 11:33:02'),
(486, 'user/login', 'guest', '::1', '2014-09-15 16:24:29'),
(487, 'user/login', 'guest', '::1', '2014-09-15 17:01:31'),
(488, 'user/login', 'guest', '::1', '2014-09-20 06:50:21'),
(489, 'user/login/profile/3', 'admin', '::1', '2014-09-20 06:54:08'),
(490, 'whz/admin/whz_list', 'admin', '::1', '2014-09-20 06:58:13'),
(491, 'chz/transaction/return_transaction', 'admin', '::1', '2014-09-20 07:05:23'),
(492, 'chz/transaction/return_transaction', 'admin', '::1', '2014-09-20 07:06:03'),
(493, 'chz/transaction', 'admin', '::1', '2014-09-20 07:06:05'),
(494, 'chz/transaction', 'admin', '::1', '2014-09-20 07:06:17'),
(495, 'chz/transaction/return_transaction', 'admin', '::1', '2014-09-20 07:06:18'),
(496, 'chz/transaction/return_transaction', 'admin', '::1', '2014-09-20 07:07:06'),
(497, 'user/login', 'guest', '::1', '2014-09-20 18:35:04'),
(498, 'user/login', 'guest', '::1', '2014-09-20 18:35:06'),
(499, 'user/login', 'guest', '::1', '2014-09-21 12:01:02'),
(500, 'user/login', 'guest', '::1', '2014-09-21 12:01:03'),
(501, 'user/login', 'guest', '::1', '2014-09-22 17:24:42'),
(502, 'user/login', 'guest', '::1', '2014-09-24 17:17:49'),
(503, 'user/login', 'guest', '::1', '2014-09-25 17:38:08'),
(504, 'user/login', 'guest', '::1', '2014-09-26 13:37:06'),
(505, 'user/login', 'guest', '::1', '2014-09-26 18:05:56'),
(506, 'user/login', 'guest', '::1', '2014-09-27 03:11:12'),
(507, 'user/login/profile/3', 'admin', '::1', '2014-09-27 03:53:47'),
(508, 'chz/transaction/return_transaction', 'admin', '::1', '2014-09-27 03:53:52'),
(509, 'chz/transaction/report', 'admin', '::1', '2014-09-27 03:53:55'),
(510, 'chz/transaction/return_transaction', 'admin', '::1', '2014-09-27 03:54:01'),
(511, 'chz/transaction/search_transaction', 'admin', '::1', '2014-09-27 03:54:04'),
(512, 'chz/transaction/search_transaction', 'admin', '::1', '2014-09-27 04:14:04'),
(513, 'chz/transaction/search_transaction', 'admin', '::1', '2014-09-27 04:14:58'),
(514, 'chz/transaction/search_transaction', 'admin', '::1', '2014-09-27 04:15:25'),
(515, 'chz/transaction/search_transaction', 'admin', '::1', '2014-09-27 04:15:58'),
(516, 'chz/transaction/search_transaction', 'admin', '::1', '2014-09-27 04:17:05'),
(517, 'chz/transaction/search_transaction', 'admin', '::1', '2014-09-27 04:17:46'),
(518, 'whz/admin/edit_data/7891274091280912', 'admin', '::1', '2014-09-27 04:17:49'),
(519, 'chz/transaction/search_transaction', 'admin', '::1', '2014-09-27 04:18:32'),
(520, 'chz/transaction/search_transaction', 'admin', '::1', '2014-09-27 04:18:55'),
(521, 'chz/transaction/search_transaction', 'admin', '::1', '2014-09-27 04:19:08'),
(522, 'chz/transaction/search_transaction', 'admin', '::1', '2014-09-27 04:19:22'),
(523, 'chz/transaction/search_transaction', 'admin', '::1', '2014-09-27 04:29:39'),
(524, 'chz/transaction/search_transaction', 'admin', '::1', '2014-09-27 04:31:23'),
(525, 'user/login', 'guest', '::1', '2014-10-11 01:03:33'),
(526, 'user/login/profile/3', 'admin', '::1', '2014-10-11 01:05:17'),
(527, 'chz/transaction/return_transaction', 'admin', '::1', '2014-10-11 01:05:55'),
(528, 'chz/transaction', 'admin', '::1', '2014-10-11 01:05:58'),
(529, 'chz/transaction/report', 'admin', '::1', '2014-10-11 01:05:59'),
(530, 'chz/transaction/return_transaction', 'admin', '::1', '2014-10-11 01:19:44'),
(531, 'chz/transaction/report', 'admin', '::1', '2014-10-11 01:19:46'),
(532, 'chz/transaction', 'admin', '::1', '2014-10-11 01:19:51'),
(533, 'chz/transaction/return_transaction', 'admin', '::1', '2014-10-11 01:19:52'),
(534, 'chz/transaction/search_transaction', 'admin', '::1', '2014-10-11 01:20:27'),
(535, 'chz/transaction', 'admin', '::1', '2014-10-11 01:20:36'),
(536, 'chz/transaction/index/not_found', 'admin', '::1', '2014-10-11 01:20:58'),
(537, 'chz/transaction/cont_transaction/24', 'admin', '::1', '2014-10-11 01:21:32'),
(538, 'chz/transaction/cont_transaction/24', 'admin', '::1', '2014-10-11 01:21:42'),
(539, 'chz/transaction/return_transaction', 'admin', '::1', '2014-10-11 01:22:10'),
(540, 'chz/transaction/search_transaction', 'admin', '::1', '2014-10-11 01:22:13'),
(541, 'chz/transaction/search_transaction', 'admin', '::1', '2014-10-11 01:26:37'),
(542, 'chz/transaction/search_transaction', 'admin', '::1', '2014-10-11 01:29:59'),
(543, 'chz/transaction/search_transaction', 'admin', '::1', '2014-10-11 01:30:50'),
(544, 'chz/transaction/report', 'admin', '::1', '2014-10-11 01:30:53'),
(545, 'chz/transaction/return_transaction', 'admin', '::1', '2014-10-11 01:31:00'),
(546, 'chz/transaction/search_transaction', 'admin', '::1', '2014-10-11 01:31:03'),
(547, 'chz/transaction/search_transaction', 'admin', '::1', '2014-10-11 01:31:14'),
(548, 'chz/transaction/search_transaction', 'admin', '::1', '2014-10-11 01:31:44'),
(549, 'chz/transaction/search_transaction', 'admin', '::1', '2014-10-11 01:32:26'),
(550, 'chz/transaction/search_transaction', 'admin', '::1', '2014-10-11 01:42:46'),
(551, 'chz/transaction', 'admin', '::1', '2014-10-11 01:42:59'),
(552, 'chz/transaction/cont_transaction/25', 'admin', '::1', '2014-10-11 01:43:10'),
(553, 'chz/transaction/cont_transaction/25', 'admin', '::1', '2014-10-11 01:43:18'),
(554, 'chz/transaction/cont_transaction/25', 'admin', '::1', '2014-10-11 01:44:02'),
(555, 'chz/transaction/return_transaction', 'admin', '::1', '2014-10-11 01:44:12'),
(556, 'chz/transaction/search_transaction', 'admin', '::1', '2014-10-11 01:44:27'),
(557, 'chz/transaction/search_transaction', 'admin', '::1', '2014-10-11 01:44:34'),
(558, 'chz/transaction/report', 'admin', '::1', '2014-10-11 01:44:38'),
(559, 'chz/transaction/return_transaction', 'admin', '::1', '2014-10-11 01:44:40'),
(560, 'whz/admin/whz_list', 'admin', '::1', '2014-10-11 01:44:54'),
(561, 'chz/transaction/report', 'admin', '::1', '2014-10-11 01:45:02'),
(562, 'chz/transaction/return_transaction', 'admin', '::1', '2014-10-11 01:45:06'),
(563, 'chz/transaction/search_transaction', 'admin', '::1', '2014-10-11 01:45:08'),
(564, 'chz/transaction/search_transaction', 'admin', '::1', '2014-10-11 01:45:13'),
(565, 'whz/admin/whz_list', 'admin', '::1', '2014-10-11 01:45:16'),
(566, 'chz/transaction/report', 'admin', '::1', '2014-10-11 01:49:13'),
(567, 'chz/transaction/detail/24', 'admin', '::1', '2014-10-11 01:49:16'),
(568, 'chz/transaction/return_transaction', 'admin', '::1', '2014-10-11 01:49:23'),
(569, 'chz/transaction/report', 'admin', '::1', '2014-10-11 01:49:25'),
(570, 'chz/transaction/report', 'admin', '::1', '2014-10-11 03:22:59'),
(571, 'chz/transaction', 'admin', '::1', '2014-10-11 03:23:01'),
(572, 'chz/transaction/return_transaction', 'admin', '::1', '2014-10-11 03:23:02'),
(573, 'chz/transaction', 'admin', '::1', '2014-10-11 03:23:05'),
(574, 'chz/transaction/cont_transaction/26', 'admin', '::1', '2014-10-11 03:23:33'),
(575, 'chz/transaction/return_transaction', 'admin', '::1', '2014-10-11 03:23:51'),
(576, 'chz/transaction/search_transaction', 'admin', '::1', '2014-10-11 03:23:54'),
(577, 'chz/transaction/search_transaction', 'admin', '::1', '2014-10-11 03:24:00'),
(578, 'chz/transaction/report', 'admin', '::1', '2014-10-11 03:59:37'),
(579, 'chz/transaction/detail/26', 'admin', '::1', '2014-10-11 03:59:40'),
(580, 'chz/transaction/return_transaction', 'admin', '::1', '2014-10-11 03:59:44'),
(581, 'chz/transaction/report', 'admin', '::1', '2014-10-11 03:59:46'),
(582, 'chz/transaction', 'admin', '::1', '2014-10-11 03:59:47'),
(583, 'user/login', 'guest', '::1', '2014-10-11 06:26:08'),
(584, 'user/login/profile/3', 'admin', '::1', '2014-10-11 06:26:14'),
(585, 'whz/admin/whz_list', 'admin', '::1', '2014-10-11 06:26:17'),
(586, 'chz/transaction/cont_transaction/27', 'admin', '::1', '2014-10-11 06:26:26'),
(587, 'chz/transaction/return_transaction', 'admin', '::1', '2014-10-11 06:26:46'),
(588, 'chz/transaction/search_transaction', 'admin', '::1', '2014-10-11 06:26:49'),
(589, 'chz/transaction/return_transaction', 'admin', '::1', '2014-10-11 06:27:07'),
(590, 'chz/transaction/search_transaction', 'admin', '::1', '2014-10-11 06:27:20'),
(591, 'chz/transaction/return_transaction', 'admin', '::1', '2014-10-11 06:27:29'),
(592, 'chz/transaction/search_transaction', 'admin', '::1', '2014-10-11 06:27:45'),
(593, 'chz/transaction/return_item/48', 'admin', '::1', '2014-10-11 06:27:51'),
(594, 'chz/transaction/return_item/48', 'admin', '::1', '2014-10-11 06:28:20'),
(595, 'chz/transaction/print_return', 'admin', '::1', '2014-10-11 06:29:15'),
(596, 'user/login', 'guest', '::1', '2014-10-12 14:33:30'),
(597, 'user/login', 'guest', '::1', '2014-10-12 14:33:30'),
(598, 'user/login', 'guest', '::1', '2014-10-13 17:23:05'),
(599, 'user/login', 'guest', '::1', '2014-10-13 17:23:06'),
(600, 'user/login', 'guest', '::1', '2014-10-13 18:26:19'),
(601, 'user/login', 'guest', '::1', '2014-10-13 18:26:19'),
(602, 'user/login', 'guest', '::1', '2014-10-14 14:23:30'),
(603, 'user/login', 'guest', '::1', '2014-10-14 14:23:31'),
(604, 'user/login', 'guest', '::1', '2014-10-15 16:25:27'),
(605, 'user/login', 'guest', '::1', '2014-10-15 16:25:27'),
(606, 'user/login', 'guest', '::1', '2014-10-16 16:11:30'),
(607, 'user/login', 'guest', '::1', '2014-10-16 16:11:31'),
(608, 'user/login', 'guest', '::1', '2014-10-17 00:40:04'),
(609, 'user/login', 'guest', '::1', '2014-10-17 00:40:06'),
(610, 'user/login/profile/3', 'admin', '::1', '2014-10-17 03:18:00'),
(611, 'whz/admin', 'admin', '::1', '2014-10-17 03:18:03'),
(612, 'whz/admin/whz_list', 'admin', '::1', '2014-10-17 03:18:05'),
(613, 'whz/admin/report_daily', 'admin', '::1', '2014-10-17 03:18:06'),
(614, 'whz/admin/whz_list', 'admin', '::1', '2014-10-17 03:18:14'),
(615, 'whz/admin/report_daily', 'admin', '::1', '2014-10-17 03:18:16'),
(616, 'user/login', 'guest', '::1', '2014-10-17 14:01:51'),
(617, 'user/login/profile/3', 'admin', '::1', '2014-10-18 00:55:29'),
(618, 'whz/admin/report_daily', 'admin', '::1', '2014-10-18 00:55:33'),
(619, 'whz/admin/export_daily_report', 'admin', '::1', '2014-10-18 00:55:38'),
(620, 'chz/transaction', 'admin', '::1', '2014-10-18 00:57:32'),
(621, 'chz/transaction/cont_transaction/28', 'admin', '::1', '2014-10-18 00:57:41'),
(622, 'whz/admin/report_daily', 'admin', '::1', '2014-10-18 00:57:52'),
(623, 'whz/admin/report_daily', 'admin', '::1', '2014-10-18 00:58:32'),
(624, 'whz/admin/report_daily', 'admin', '::1', '2014-10-18 00:58:46'),
(625, 'whz/admin', 'admin', '::1', '2014-10-18 00:58:55'),
(626, 'whz/admin/whz_list', 'admin', '::1', '2014-10-18 00:58:56'),
(627, 'whz/admin/report_daily', 'admin', '::1', '2014-10-18 00:58:58'),
(628, 'chz/transaction/return_transaction', 'admin', '::1', '2014-10-18 00:59:00'),
(629, 'whz/admin/report_daily', 'admin', '::1', '2014-10-18 00:59:25'),
(630, 'chz/transaction/report', 'admin', '::1', '2014-10-18 00:59:58'),
(631, 'chz/transaction/print_report', 'admin', '::1', '2014-10-18 02:45:20'),
(632, 'chz/transaction/print_report', 'admin', '::1', '2014-10-18 02:46:06'),
(633, 'chz/transaction/print_report', 'admin', '::1', '2014-10-18 02:46:41'),
(634, 'chz/transaction/print_report', 'admin', '::1', '2014-10-18 02:47:00'),
(635, 'chz/transaction/print_report', 'admin', '::1', '2014-10-18 02:48:12'),
(636, 'chz/transaction/print_report', 'admin', '::1', '2014-10-18 02:48:55'),
(637, 'chz/transaction/print_report', 'admin', '::1', '2014-10-18 02:49:28'),
(638, 'chz/transaction/print_report', 'admin', '::1', '2014-10-18 02:49:47'),
(639, 'user/login', 'guest', '::1', '2014-10-18 17:44:08'),
(640, 'user/login', 'guest', '::1', '2014-10-20 15:00:10'),
(641, 'user/login', 'guest', '::1', '2014-10-21 00:02:42'),
(642, 'user/login', 'guest', '::1', '2014-10-21 12:55:03'),
(643, 'user/login', 'guest', '::1', '2014-10-22 14:54:52'),
(644, 'user/login', 'guest', '::1', '2014-10-24 09:52:30'),
(645, 'user/login', 'guest', '::1', '2014-10-26 07:11:51'),
(646, 'user/login', 'guest', '::1', '2014-10-28 12:56:42'),
(647, 'user/login', 'guest', '::1', '2014-10-30 12:24:22'),
(648, 'user/login', 'guest', '::1', '2014-10-30 14:49:30'),
(649, 'user/login', 'guest', '::1', '2014-10-31 17:44:10'),
(650, 'user/login', 'guest', '::1', '2014-11-01 02:29:56'),
(651, 'user/login', 'guest', '::1', '2014-11-01 05:30:20'),
(652, 'user/login/profile/3', 'admin', '::1', '2014-11-01 05:44:34'),
(653, 'whz/admin', 'admin', '::1', '2014-11-01 05:44:39'),
(654, 'whz/admin/index', 'admin', '::1', '2014-11-01 05:47:41'),
(655, 'whz/admin/whz_list', 'admin', '::1', '2014-11-01 05:47:46'),
(656, 'chz/transaction', 'admin', '::1', '2014-11-01 05:48:51'),
(657, 'chz/transaction/cont_transaction/29', 'admin', '::1', '2014-11-01 05:49:07'),
(658, 'whz/admin', 'admin', '::1', '2014-11-01 05:56:19'),
(659, 'chz/transaction', 'admin', '::1', '2014-11-01 06:02:29'),
(660, 'chz/transaction/report', 'admin', '::1', '2014-11-01 06:04:57'),
(661, 'chz/transaction/detail/29', 'admin', '::1', '2014-11-01 06:05:09'),
(662, 'chz/transaction', 'admin', '::1', '2014-11-01 06:06:18'),
(663, 'chz/transaction/return_transaction', 'admin', '::1', '2014-11-01 06:08:56'),
(664, 'chz/transaction/search_transaction', 'admin', '::1', '2014-11-01 06:09:14'),
(665, 'chz/transaction/print_return', 'admin', '::1', '2014-11-01 06:09:29'),
(666, 'whz/admin/report_daily', 'admin', '::1', '2014-11-01 06:10:24'),
(667, 'whz/admin/whz_list', 'admin', '::1', '2014-11-01 06:11:02'),
(668, 'whz/admin/whz_search', 'admin', '::1', '2014-11-01 06:11:31'),
(669, 'whz/admin/export_pdf_all', 'admin', '::1', '2014-11-01 06:12:12'),
(670, 'whz/admin/edit_data/26', 'admin', '::1', '2014-11-01 06:14:39'),
(671, 'whz/admin/whz_list', 'admin', '::1', '2014-11-01 06:20:52'),
(672, 'whz/admin/whz_search', 'admin', '::1', '2014-11-01 06:20:57'),
(673, 'whz/admin/report_daily', 'admin', '::1', '2014-11-01 06:22:14'),
(674, 'whz/admin/whz_list', 'admin', '::1', '2014-11-01 06:22:20'),
(675, 'whz/admin', 'admin', '::1', '2014-11-01 06:22:21'),
(676, 'whz/admin/whz_list', 'admin', '::1', '2014-11-01 06:25:47'),
(677, 'whz/admin', 'admin', '::1', '2014-11-01 06:26:22'),
(678, 'chz/transaction', 'admin', '::1', '2014-11-01 06:30:32'),
(679, 'whz/admin', 'admin', '::1', '2014-11-01 06:46:13'),
(680, 'user/login', 'guest', '::1', '2014-11-01 06:46:13'),
(681, 'user/login', 'guest', '::1', '2014-11-01 17:31:14'),
(682, 'user/login', 'guest', '::1', '2014-11-01 17:31:16'),
(683, 'user/login', 'guest', '::1', '2014-11-01 17:32:39'),
(684, 'user/login', 'guest', '::1', '2014-11-01 17:32:39'),
(685, 'user/login', 'guest', '::1', '2014-11-02 16:02:58'),
(686, 'user/login', 'guest', '::1', '2014-11-02 16:02:59'),
(687, 'user/login', 'guest', '::1', '2014-11-03 14:51:28'),
(688, 'user/login', 'guest', '::1', '2014-11-03 14:51:28'),
(689, 'user/login', 'guest', '::1', '2014-11-04 17:39:34'),
(690, 'user/login', 'guest', '::1', '2014-11-04 17:39:34'),
(691, 'user/login', 'guest', '::1', '2014-11-07 14:07:06'),
(692, 'user/login', 'guest', '::1', '2014-11-07 14:07:06'),
(693, 'user/login', 'guest', '::1', '2014-11-10 13:58:47'),
(694, 'user/login', 'guest', '::1', '2014-11-10 13:58:47'),
(695, 'user/login', 'guest', '::1', '2014-11-12 16:00:49'),
(696, 'user/login', 'guest', '::1', '2014-11-12 16:00:51'),
(697, 'user/login', 'guest', '::1', '2014-11-13 17:20:18'),
(698, 'user/login', 'guest', '::1', '2014-11-13 17:20:19'),
(699, 'user/login', 'guest', '::1', '2014-11-14 01:13:09'),
(700, 'user/login', 'guest', '::1', '2014-11-14 01:13:09'),
(701, 'user/login/profile/3', 'admin', '::1', '2014-11-14 01:14:46'),
(702, 'chz/transaction', 'admin', '::1', '2014-11-14 01:14:53'),
(703, 'chz/transaction/input_data', 'admin', '::1', '2014-11-14 01:42:17'),
(704, 'chz/transaction/cont_transaction/31', 'admin', '::1', '2014-11-14 01:53:26'),
(705, 'chz/transaction/cont_transaction/31', 'admin', '::1', '2014-11-14 01:54:25'),
(706, 'chz/transaction/cont_transaction/31', 'admin', '::1', '2014-11-14 01:54:41');
INSERT INTO `app_log` (`id_app_log`, `al_url`, `al_user`, `al_ip_address`, `al_update_on`) VALUES
(707, 'chz/transaction/cont_transaction/31', 'admin', '::1', '2014-11-14 01:57:01'),
(708, 'chz/transaction/cont_transaction/31', 'admin', '::1', '2014-11-14 02:03:03'),
(709, 'chz/transaction/cont_transaction/31', 'admin', '::1', '2014-11-14 02:03:36'),
(710, 'chz/transaction/cont_transaction/31', 'admin', '::1', '2014-11-14 02:05:24'),
(711, 'chz/transaction/cont_transaction/31', 'admin', '::1', '2014-11-14 02:05:45'),
(712, 'chz/transaction/cont_transaction/31', 'admin', '::1', '2014-11-14 02:08:30'),
(713, 'chz/transaction/cont_transaction/31', 'admin', '::1', '2014-11-14 02:10:22'),
(714, 'chz/transaction/cont_transaction/31', 'admin', '::1', '2014-11-14 02:13:48'),
(715, 'chz/transaction/cont_transaction/31', 'admin', '::1', '2014-11-14 02:15:50'),
(716, 'chz/transaction/cont_transaction/31', 'admin', '::1', '2014-11-14 02:16:02'),
(717, 'chz/transaction/cont_transaction/31', 'admin', '::1', '2014-11-14 02:16:11'),
(718, 'chz/transaction/cont_transaction/31', 'admin', '::1', '2014-11-14 02:16:38'),
(719, 'chz/transaction/cont_transaction/31', 'admin', '::1', '2014-11-14 02:18:05'),
(720, 'chz/transaction/cont_transaction/31', 'admin', '::1', '2014-11-14 02:18:20'),
(721, 'chz/transaction/cont_transaction/31', 'admin', '::1', '2014-11-14 02:18:32'),
(722, 'chz/transaction/cont_transaction/31', 'admin', '::1', '2014-11-14 02:21:42'),
(723, 'chz/transaction/cont_transaction/31', 'admin', '::1', '2014-11-14 02:22:09'),
(724, 'chz/transaction/cont_transaction/31', 'admin', '::1', '2014-11-14 02:29:10'),
(725, 'chz/transaction/cont_transaction/31', 'admin', '::1', '2014-11-14 02:30:36'),
(726, 'chz/transaction/cont_transaction/31', 'admin', '::1', '2014-11-14 02:30:50'),
(727, 'chz/transaction/cont_transaction/31', 'admin', '::1', '2014-11-14 02:31:21'),
(728, 'chz/transaction/cont_transaction/31', 'admin', '::1', '2014-11-14 02:31:34'),
(729, 'chz/transaction/pay_transaction', 'admin', '::1', '2014-11-14 02:31:43'),
(730, 'chz/transaction/cont_transaction/31', 'admin', '::1', '2014-11-14 02:33:26'),
(731, 'chz/transaction/pay_transaction', 'admin', '::1', '2014-11-14 02:33:30'),
(732, 'user/login', 'guest', '::1', '2014-11-14 07:08:46'),
(733, 'user/login', 'guest', '::1', '2014-11-14 07:08:53'),
(734, 'user/login/profile/3', 'admin', '::1', '2014-11-14 07:08:57'),
(735, 'chz/transaction/cont_transaction/paid', 'admin', '::1', '2014-11-14 07:09:04'),
(736, 'chz/transaction', 'admin', '::1', '2014-11-14 07:09:14'),
(737, 'chz/transaction/cont_transaction/32', 'admin', '::1', '2014-11-14 07:09:19'),
(738, 'whz/admin/whz_list', 'admin', '::1', '2014-11-14 07:09:57'),
(739, 'chz/transaction', 'admin', '::1', '2014-11-14 07:10:04'),
(740, 'chz/transaction', 'admin', '::1', '2014-11-14 07:56:40'),
(741, 'chz/transaction/return_transaction', 'admin', '::1', '2014-11-14 07:56:43'),
(742, 'chz/transaction', 'admin', '::1', '2014-11-14 07:56:49'),
(743, 'chz/transaction/return_transaction', 'admin', '::1', '2014-11-14 07:56:52'),
(744, 'chz/transaction', 'admin', '::1', '2014-11-14 07:56:55'),
(745, 'chz/transaction/cont_transaction/33', 'admin', '::1', '2014-11-14 07:57:29'),
(746, 'setting/application/supplier', 'admin', '::1', '2014-11-14 07:58:49'),
(747, 'user/login', 'guest', '::1', '2014-11-14 12:44:21'),
(748, 'user/login', 'guest', '::1', '2014-11-14 12:44:21'),
(749, 'user/login', 'guest', '::1', '2014-11-14 12:44:22');

-- --------------------------------------------------------

--
-- Table structure for table `apt_bill`
--

CREATE TABLE IF NOT EXISTS `apt_bill` (
  `id_bill` int(11) NOT NULL AUTO_INCREMENT,
  `pay_code` varchar(255) NOT NULL,
  `bill_name` varchar(255) NOT NULL,
  `quantity` int(11) NOT NULL,
  `total` decimal(20,2) NOT NULL,
  `transaction_by` varchar(255) NOT NULL,
  `status` enum('open','closed') NOT NULL DEFAULT 'open',
  `discount` decimal(20,2) NOT NULL,
  `tax` decimal(20,3) NOT NULL,
  `tax_rp` decimal(20,2) NOT NULL,
  `paid_amount` decimal(20,2) NOT NULL,
  `payment_type` enum('CASH','CREDIT') NOT NULL,
  `note` varchar(255) NOT NULL,
  `isvoid` enum('yes','no') NOT NULL DEFAULT 'no',
  `paid_date` date NOT NULL,
  `update_on` timestamp NOT NULL DEFAULT CURRENT_TIMESTAMP,
  `update_by` varchar(255) NOT NULL,
  PRIMARY KEY (`id_bill`),
  KEY `pay_code` (`pay_code`),
  KEY `transaction_by` (`transaction_by`),
  KEY `paid_date` (`paid_date`),
  KEY `isvoid` (`isvoid`)
) ENGINE=InnoDB  DEFAULT CHARSET=utf8 AUTO_INCREMENT=34 ;

--
-- Dumping data for table `apt_bill`
--

INSERT INTO `apt_bill` (`id_bill`, `pay_code`, `bill_name`, `quantity`, `total`, `transaction_by`, `status`, `discount`, `tax`, `tax_rp`, `paid_amount`, `payment_type`, `note`, `isvoid`, `paid_date`, `update_on`, `update_by`) VALUES
(1, '20140801020008', '', 0, '0.00', 'admin', 'open', '0.00', '0.000', '0.00', '0.00', 'CASH', '', 'no', '0000-00-00', '2014-08-01 02:00:08', 'admin'),
(2, '20140801054823', '', 0, '0.00', 'admin', 'open', '0.00', '0.000', '0.00', '0.00', 'CASH', '', 'no', '0000-00-00', '2014-08-01 05:48:23', 'admin'),
(3, '20140801055138', '', 0, '0.00', 'admin', 'open', '0.00', '0.000', '0.00', '0.00', 'CASH', '', 'no', '0000-00-00', '2014-08-01 05:51:38', 'admin'),
(4, '20140801055321', '', 0, '0.00', 'admin', 'open', '0.00', '0.000', '0.00', '0.00', 'CASH', '', 'no', '0000-00-00', '2014-08-01 05:53:21', 'admin'),
(5, '20140801124253', '', 0, '0.00', 'admin', 'open', '0.00', '0.000', '0.00', '0.00', 'CASH', '', 'no', '0000-00-00', '2014-08-01 12:42:53', 'admin'),
(6, '20140801062542', '', 6, '2314000.00', 'admin', 'open', '0.00', '0.000', '0.00', '0.00', 'CASH', '', 'no', '2014-08-01', '2014-08-01 18:25:42', 'admin'),
(7, '20140801063412', '', 6, '210000.00', 'admin', 'closed', '0.00', '0.000', '0.00', '0.00', 'CASH', '', 'no', '2014-08-01', '2014-08-01 18:34:12', 'admin'),
(8, '20140801063548', '', 10, '350000.00', 'admin', 'closed', '0.00', '0.000', '0.00', '0.00', 'CASH', '', 'no', '2014-08-01', '2014-08-01 18:35:48', 'admin'),
(9, '20140801065919', '', 40, '1400000.00', 'admin', 'closed', '0.00', '0.000', '0.00', '0.00', 'CASH', '', 'no', '2014-08-01', '2014-08-01 18:59:19', 'admin'),
(10, '20140801071917', '', 4, '162000.00', 'admin', 'closed', '0.00', '0.000', '0.00', '0.00', 'CASH', '', 'no', '2014-08-01', '2014-08-01 19:19:17', 'admin'),
(11, '20140811095229', '', 0, '0.00', 'admin', 'open', '0.00', '0.000', '0.00', '0.00', 'CASH', '', 'no', '0000-00-00', '2014-08-11 07:52:29', 'admin'),
(14, '20140816033022', '', 2, '250800.00', 'admin', 'closed', '13200.00', '0.000', '0.00', '0.00', 'CASH', '', 'no', '2014-08-16', '2014-08-16 13:30:22', 'admin'),
(15, '20140823024922', '', 2, '220000.00', 'admin', 'closed', '0.00', '0.000', '0.00', '400000.00', 'CASH', '', 'no', '2014-08-23', '2014-08-23 00:49:22', 'admin'),
(16, '20140823034304', '', 3, '330000.00', 'admin', 'closed', '0.00', '0.000', '0.00', '400000.00', 'CASH', '', 'no', '2014-08-23', '2014-08-23 01:43:04', 'baru'),
(17, '20140823034604', '', 2, '220000.00', 'baru', 'closed', '0.00', '0.000', '0.00', '300000.00', 'CASH', '', 'no', '2014-08-23', '2014-08-23 01:46:04', 'baru'),
(18, '20140829054646', '', 2, '220000.00', 'admin', 'closed', '0.00', '0.000', '0.00', '300000.00', 'CASH', '', 'no', '2014-08-29', '2014-08-29 15:46:46', 'admin'),
(19, '20140829055059', '', 2, '242000.00', 'admin', 'closed', '0.00', '0.000', '0.00', '250000.00', 'CASH', '', 'no', '2014-08-29', '2014-08-29 15:50:59', 'admin'),
(20, '20140830053214', '', 3, '247750.00', 'admin', 'closed', '0.00', '0.000', '0.00', '250000.00', 'CASH', '', 'no', '2014-08-30', '2014-08-30 03:32:14', 'admin'),
(21, '20140830054012', '', 10, '57500.00', 'admin', 'closed', '0.00', '0.000', '0.00', '60000.00', 'CASH', '', 'no', '2014-08-30', '2014-08-30 03:40:12', 'admin'),
(22, '20140905035247', 'jono', 1, '110000.00', 'admin', 'closed', '0.00', '0.000', '0.00', '150000.00', 'CASH', '', 'no', '2014-09-05', '2014-09-05 13:52:47', 'admin'),
(23, '20140906054609', '0', 0, '0.00', 'admin', 'open', '0.00', '0.000', '0.00', '0.00', 'CASH', '', 'no', '0000-00-00', '2014-09-06 03:46:09', 'admin'),
(24, '20141011092132', 'siapa ', 11, '63250.00', 'admin', 'closed', '0.00', '0.000', '0.00', '65000.00', 'CASH', '', 'no', '2014-10-11', '2014-10-11 01:21:32', 'admin'),
(25, '20141011094310', 'tsst', 7, '40250.00', 'admin', 'closed', '0.00', '0.000', '0.00', '50000.00', 'CASH', '', 'no', '2014-10-11', '2014-10-11 01:43:10', 'admin'),
(26, '20141011112333', 'daya', 15, '86250.00', 'admin', 'closed', '0.00', '0.000', '0.00', '100000.00', 'CASH', '', 'no', '2014-10-11', '2014-10-11 03:23:33', 'admin'),
(27, '20141011022626', 'say', 15, '86250.00', 'admin', 'closed', '0.00', '0.000', '0.00', '100000.00', 'CASH', '', 'no', '2014-10-11', '2014-10-11 06:26:26', 'admin'),
(28, '20141018085741', 'atertara', 1, '5750.00', 'admin', 'closed', '0.00', '0.000', '0.00', '10000.00', 'CASH', '', 'no', '2014-10-18', '2014-10-18 00:57:41', 'admin'),
(29, '20141101014906', 'agus', 10, '5750.00', 'admin', 'closed', '0.00', '0.000', '0.00', '10000.00', 'CASH', '', 'no', '2014-11-01', '2014-11-01 05:49:06', 'admin'),
(30, '20141114094217', '', 0, '0.00', 'admin', 'open', '0.00', '0.000', '0.00', '0.00', 'CASH', '', 'no', '0000-00-00', '2014-11-14 01:42:17', 'admin'),
(31, '20141114095326', '', 0, '0.00', 'admin', 'open', '0.00', '0.000', '0.00', '0.00', 'CASH', '', 'no', '0000-00-00', '2014-11-14 01:53:26', 'admin'),
(32, '20141114030919', '', 1, '5750.00', 'admin', 'closed', '0.00', '0.000', '0.00', '10000.00', 'CASH', '', 'no', '2014-11-14', '2014-11-14 07:09:19', 'admin'),
(33, '20141114035729', 'agok', 1, '118800.00', 'admin', 'closed', '13200.00', '0.000', '0.00', '200000.00', 'CASH', '', 'no', '2014-11-14', '2014-11-14 07:57:29', 'admin');

-- --------------------------------------------------------

--
-- Table structure for table `apt_bill_detail`
--

CREATE TABLE IF NOT EXISTS `apt_bill_detail` (
  `id_apt_dtl` int(11) NOT NULL AUTO_INCREMENT,
  `id_bill` int(11) NOT NULL,
  `aptd_obt_id` int(11) NOT NULL,
  `aptd_code_obat` varchar(25) NOT NULL,
  `aptd_code` varchar(255) NOT NULL,
  `aptd_jum` int(11) NOT NULL,
  `aptd_harga` decimal(20,2) NOT NULL,
  `aptd_tax` decimal(20,2) NOT NULL,
  `aptd_disc` decimal(5,2) NOT NULL,
  `aptd_disc_rp` decimal(20,2) NOT NULL,
  `aptd_resep` enum('yes','no') NOT NULL DEFAULT 'no',
  `aptd_copy` int(11) NOT NULL,
  `aptd_void` enum('yes','no') NOT NULL DEFAULT 'no',
  `aptd_return_status` enum('yes','no') NOT NULL DEFAULT 'no',
  `aptd_return_item` int(11) NOT NULL,
  `aptd_update_by` varchar(255) NOT NULL,
  `aptd_update_on` timestamp NOT NULL DEFAULT CURRENT_TIMESTAMP,
  PRIMARY KEY (`id_apt_dtl`),
  KEY `id_bill` (`id_bill`)
) ENGINE=InnoDB  DEFAULT CHARSET=utf8 AUTO_INCREMENT=54 ;

--
-- Dumping data for table `apt_bill_detail`
--

INSERT INTO `apt_bill_detail` (`id_apt_dtl`, `id_bill`, `aptd_obt_id`, `aptd_code_obat`, `aptd_code`, `aptd_jum`, `aptd_harga`, `aptd_tax`, `aptd_disc`, `aptd_disc_rp`, `aptd_resep`, `aptd_copy`, `aptd_void`, `aptd_return_status`, `aptd_return_item`, `aptd_update_by`, `aptd_update_on`) VALUES
(1, 1, 0, '43573456346', '0', 10, '35000.00', '3500.00', '0.00', '0.00', 'no', 0, 'no', 'no', 0, 'admin', '2014-08-01 02:00:08'),
(2, 2, 0, '43573456346', '0', 1, '35000.00', '3500.00', '0.00', '0.00', 'no', 0, 'no', 'no', 0, 'admin', '2014-08-01 05:48:23'),
(3, 3, 0, '8990333162051', '0', 5, '100000.00', '10000.00', '0.00', '0.00', 'no', 0, 'no', 'no', 0, 'admin', '2014-08-01 05:51:38'),
(4, 4, 0, '8996006856203', '0', 10, '7000.00', '700.00', '0.00', '0.00', 'no', 0, 'no', 'no', 0, 'admin', '2014-08-01 05:53:21'),
(5, 4, 0, '43573456346', '0', 6, '35000.00', '3500.00', '0.00', '0.00', 'no', 0, 'no', 'no', 0, 'admin', '2014-08-01 05:54:32'),
(6, 4, 0, '23451535', '0', 1, '2000000.00', '200000.00', '0.00', '0.00', 'no', 0, 'no', 'no', 0, 'admin', '2014-08-01 06:23:31'),
(7, 5, 0, '8990333162051', '0', 4, '100000.00', '10000.00', '0.00', '0.00', 'no', 0, 'no', 'no', 0, 'admin', '2014-08-01 12:42:53'),
(8, 5, 0, '7897y9789798', '0', 7, '20000.00', '2000.00', '0.00', '0.00', 'no', 0, 'no', 'no', 0, 'admin', '2014-08-01 12:56:29'),
(9, 6, 0, '8990333162051', '0', 3, '100000.00', '10000.00', '0.00', '0.00', 'no', 0, 'no', 'no', 0, 'admin', '2014-08-01 18:25:42'),
(10, 6, 0, '8996006856203', '0', 2, '7000.00', '700.00', '0.00', '0.00', 'no', 0, 'no', 'no', 0, 'admin', '2014-08-01 18:25:51'),
(11, 6, 0, '23451535', '0', 1, '2000000.00', '200000.00', '0.00', '0.00', 'no', 0, 'no', 'no', 0, 'admin', '2014-08-01 18:26:56'),
(12, 7, 0, '43573456346', '0', 6, '35000.00', '3500.00', '0.00', '0.00', 'no', 0, 'no', 'no', 0, 'admin', '2014-08-01 18:34:12'),
(13, 8, 0, '43573456346', '0', 10, '35000.00', '3500.00', '0.00', '0.00', 'no', 0, 'no', 'no', 0, 'admin', '2014-08-01 18:35:48'),
(14, 9, 0, '43573456346', '0', 40, '35000.00', '3500.00', '0.00', '0.00', 'no', 0, 'no', 'no', 0, 'admin', '2014-08-01 18:59:19'),
(15, 10, 0, '8996006856203', '0', 1, '7000.00', '700.00', '0.00', '0.00', 'no', 0, 'no', 'no', 0, 'admin', '2014-08-01 19:19:17'),
(16, 10, 0, '8990333162051', '0', 1, '100000.00', '10000.00', '0.00', '0.00', 'no', 0, 'no', 'no', 0, 'admin', '2014-08-01 19:19:29'),
(17, 10, 0, '43573456346', '0', 1, '35000.00', '3500.00', '0.00', '0.00', 'no', 0, 'no', 'no', 0, 'admin', '2014-08-01 19:19:40'),
(18, 10, 0, '7897y9789798', '0', 1, '20000.00', '2000.00', '0.00', '0.00', 'no', 0, 'no', 'no', 0, 'admin', '2014-08-01 19:19:52'),
(19, 11, 0, '43573456346', '0', 1, '35000.00', '3500.00', '0.00', '0.00', 'no', 0, 'no', 'no', 0, 'baru', '2014-08-11 07:52:29'),
(20, 11, 0, '43573456346', '0', 1, '35000.00', '3500.00', '0.00', '0.00', 'no', 0, 'no', 'no', 0, 'baru', '2014-08-11 07:52:47'),
(22, 13, 0, '1234123124124', '0', 0, '100000.00', '10000.00', '0.00', '0.00', 'no', 0, 'no', 'no', 0, 'baru', '2014-08-16 13:29:53'),
(24, 14, 0, '1234123124124', '0', 2, '132000.00', '13200.00', '0.00', '0.00', 'no', 0, 'yes', 'no', 0, 'baru', '2014-08-16 13:33:53'),
(26, 14, 0, '1234123124124', '0', 2, '132000.00', '13200.00', '10.00', '0.00', 'no', 0, 'no', 'no', 0, 'baru', '2014-08-16 13:38:55'),
(27, 15, 0, '8990333162051', '0', 2, '110000.00', '11000.00', '0.00', '0.00', 'no', 0, 'no', 'yes', 0, 'baru', '2014-08-23 00:49:22'),
(28, 16, 0, '01928341290481259', '0', 3, '0.00', '0.00', '0.00', '0.00', 'no', 0, 'no', 'no', 0, 'baru', '2014-08-23 01:43:04'),
(29, 17, 0, '01928341290481259', '0', 2, '110000.00', '11000.00', '0.00', '0.00', 'no', 0, 'no', 'no', 0, 'baru', '2014-08-23 01:46:04'),
(30, 18, 0, '4141424141', '0', 0, '110000.00', '11000.00', '0.00', '0.00', 'no', 0, 'yes', 'no', 0, 'admin', '2014-08-29 15:46:46'),
(31, 18, 0, '01928341290481259', '0', 0, '110000.00', '11000.00', '0.00', '0.00', 'no', 0, 'yes', 'no', 0, 'admin', '2014-08-29 15:47:09'),
(32, 18, 0, '01928341290481259', '0', 1, '110000.00', '11000.00', '0.00', '0.00', 'no', 0, 'no', 'no', 0, 'admin', '2014-08-29 15:47:41'),
(33, 18, 0, '4141424141', '0', 1, '110000.00', '11000.00', '0.00', '0.00', 'no', 0, 'no', 'no', 0, 'admin', '2014-08-29 15:47:47'),
(34, 19, 0, '1234123124124', '0', 1, '132000.00', '13200.00', '0.00', '0.00', 'no', 0, 'no', 'no', 0, 'admin', '2014-08-29 15:50:59'),
(35, 19, 0, '4141424141', '0', 1, '110000.00', '11000.00', '0.00', '0.00', 'no', 0, 'no', 'no', 0, 'admin', '2014-08-29 15:51:29'),
(36, 20, 0, '4141424141', '0', 1, '110000.00', '11000.00', '0.00', '0.00', 'no', 0, 'no', 'no', 0, 'admin', '2014-08-30 03:32:14'),
(37, 20, 0, '1234123124124', '0', 1, '132000.00', '13200.00', '0.00', '0.00', 'no', 0, 'no', 'no', 0, 'admin', '2014-08-30 03:32:20'),
(38, 20, 0, '7891274091280912', 'mxgrp', 1, '5750.00', '575.00', '0.00', '0.00', 'no', 0, 'no', 'no', 0, 'admin', '2014-08-30 03:33:59'),
(39, 21, 0, '7891274091280912', 'mxgrp', 10, '5750.00', '575.00', '0.00', '0.00', 'no', 0, 'no', 'no', 0, 'admin', '2014-08-30 03:40:12'),
(40, 22, 0, '01928341290481259', '', 1, '110000.00', '11000.00', '0.00', '0.00', 'no', 0, 'no', 'yes', 0, 'admin', '2014-09-05 13:52:47'),
(41, 23, 0, '8990333162051', '', 0, '110000.00', '11000.00', '0.00', '0.00', 'no', 0, 'no', 'no', 0, 'admin', '2014-09-06 03:46:09'),
(42, 24, 25, '7891274091280912', 'mxgrp', 1, '5750.00', '575.00', '0.00', '0.00', 'no', 0, 'no', 'no', 0, 'admin', '2014-10-11 01:21:32'),
(43, 24, 25, '7891274091280912', 'mxgrp', 10, '5750.00', '575.00', '0.00', '0.00', 'no', 0, 'no', 'yes', 0, 'admin', '2014-10-11 01:21:42'),
(44, 25, 25, '7891274091280912', 'mxgrp', 1, '5750.00', '575.00', '0.00', '0.00', 'no', 0, 'no', 'no', 0, 'admin', '2014-10-11 01:43:10'),
(46, 25, 25, '7891274091280912', 'mxgrp', 6, '5750.00', '575.00', '0.00', '0.00', 'no', 0, 'no', 'yes', 0, 'admin', '2014-10-11 01:44:02'),
(47, 26, 25, '7891274091280912', 'mxgrp', 15, '5750.00', '575.00', '0.00', '0.00', 'no', 0, 'no', 'yes', 10, 'admin', '2014-10-11 03:23:33'),
(48, 27, 25, '7891274091280912', 'mxgrp', 15, '5750.00', '575.00', '0.00', '0.00', 'no', 0, 'no', 'no', 0, 'admin', '2014-10-11 06:26:26'),
(49, 28, 25, '7891274091280912', 'mxgrp', 1, '5750.00', '575.00', '0.00', '0.00', 'no', 0, 'no', 'no', 0, 'admin', '2014-10-18 00:57:41'),
(50, 29, 26, '', 'obtbtk', 10, '575.00', '57.50', '0.00', '0.00', 'no', 0, 'no', 'no', 0, 'admin', '2014-11-01 05:49:06'),
(51, 31, 25, '7891274091280912', 'mxgrp', 1, '5750.00', '575.00', '0.00', '0.00', 'no', 0, 'no', 'no', 0, 'admin', '2014-11-14 01:53:26'),
(52, 32, 25, '7891274091280912', 'mxgrp', 1, '5750.00', '575.00', '0.00', '0.00', 'no', 0, 'no', 'no', 0, 'admin', '2014-11-14 07:09:19'),
(53, 33, 18, '1234123124124', 'test', 1, '132000.00', '13200.00', '10.00', '0.00', 'no', 0, 'no', 'no', 0, 'admin', '2014-11-14 07:57:29');

-- --------------------------------------------------------

--
-- Table structure for table `apt_bill_struk`
--

CREATE TABLE IF NOT EXISTS `apt_bill_struk` (
  `id_apt_struk` int(11) NOT NULL AUTO_INCREMENT,
  `apts_id_bill` int(11) NOT NULL,
  `apts_struk` blob NOT NULL,
  `apts_void` enum('yes','no') NOT NULL,
  `apts_update_by` varchar(255) NOT NULL,
  `apts_update_on` timestamp NOT NULL DEFAULT CURRENT_TIMESTAMP,
  PRIMARY KEY (`id_apt_struk`),
  KEY `apts_id_bill` (`apts_id_bill`,`apts_void`)
) ENGINE=InnoDB DEFAULT CHARSET=utf8 AUTO_INCREMENT=1 ;

-- --------------------------------------------------------

--
-- Table structure for table `apt_jenis`
--

CREATE TABLE IF NOT EXISTS `apt_jenis` (
  `id_apt_jns` int(11) NOT NULL AUTO_INCREMENT,
  `apt_code` varchar(10) NOT NULL,
  `apt_jenis` varchar(100) NOT NULL,
  `apt_void_status` enum('yes','no') NOT NULL DEFAULT 'no',
  PRIMARY KEY (`id_apt_jns`)
) ENGINE=InnoDB  DEFAULT CHARSET=utf8 AUTO_INCREMENT=14 ;

--
-- Dumping data for table `apt_jenis`
--

INSERT INTO `apt_jenis` (`id_apt_jns`, `apt_code`, `apt_jenis`, `apt_void_status`) VALUES
(1, 'ALK', 'Alat Kesehatan', 'no'),
(2, 'CRN', 'Cairan', 'no'),
(3, 'CPS', 'Capsul', 'no'),
(4, 'INF', 'Infus', 'no'),
(5, 'INJ', 'Injeksi', 'no'),
(6, 'TBL', 'Tablet', 'no'),
(7, 'NRK', 'Narkotika', 'no'),
(8, 'OBS', 'Obat Bebas', 'no'),
(9, 'OBK', 'Obat Kanker', 'no'),
(10, 'OBKH', 'Obat Khusus', 'no'),
(11, 'SPT', 'Suppositoria', 'no'),
(12, 'SYP', 'Syrup', 'no'),
(13, 'ZLF', 'Zalf', 'no');

-- --------------------------------------------------------

--
-- Table structure for table `apt_obat`
--

CREATE TABLE IF NOT EXISTS `apt_obat` (
  `id_obat` int(11) NOT NULL AUTO_INCREMENT,
  `obt_barcode` varchar(50) NOT NULL,
  `obt_code` varchar(20) NOT NULL,
  `obt_name` varchar(255) NOT NULL,
  `obt_jenis` varchar(10) NOT NULL,
  `obt_expired` date NOT NULL,
  `obt_jumlah` int(11) NOT NULL,
  `obt_harga` decimal(20,2) NOT NULL,
  `obt_discount` decimal(5,2) NOT NULL,
  `obt_discount_rp` decimal(20,2) NOT NULL,
  `obt_jual` decimal(20,2) NOT NULL,
  `obt_supplier` varchar(255) NOT NULL,
  `obt_void_status` enum('yes','no') NOT NULL DEFAULT 'no',
  `obt_update_by` varchar(255) NOT NULL,
  `obt_update_on` timestamp NOT NULL DEFAULT CURRENT_TIMESTAMP,
  PRIMARY KEY (`id_obat`),
  KEY `obt_barcode` (`obt_barcode`),
  KEY `obt_name` (`obt_name`),
  KEY `obt_jenis` (`obt_jenis`)
) ENGINE=InnoDB  DEFAULT CHARSET=utf8 AUTO_INCREMENT=27 ;

--
-- Dumping data for table `apt_obat`
--

INSERT INTO `apt_obat` (`id_obat`, `obt_barcode`, `obt_code`, `obt_name`, `obt_jenis`, `obt_expired`, `obt_jumlah`, `obt_harga`, `obt_discount`, `obt_discount_rp`, `obt_jual`, `obt_supplier`, `obt_void_status`, `obt_update_by`, `obt_update_on`) VALUES
(1, '43573456346', '', '', 'CRN', '0000-00-00', 90, '0.00', '0.00', '0.00', '0.00', '', 'yes', 'admin', '2014-07-23 02:07:46'),
(2, '43573456346', '', '', 'CRN', '0000-00-00', 90, '0.00', '0.00', '0.00', '0.00', '', 'yes', 'admin', '2014-07-23 02:13:09'),
(3, '43573456346', '', 'ingus', 'CRN', '0000-00-00', 109, '380000.00', '0.00', '0.00', '0.00', '', 'yes', 'admin', '2014-07-23 02:13:57'),
(5, '43573456346', '', 'ingus', 'CRN', '0000-00-00', 90, '346433462746.00', '0.00', '0.00', '0.00', '', 'yes', 'admin', '2014-07-23 02:15:46'),
(6, '7897y9789798', '', 'jarum suntik', 'ALK', '0000-00-00', 54, '20000.00', '0.00', '0.00', '0.00', '', 'yes', 'admin', '2014-07-23 06:27:37'),
(7, '23451535', '', 'morphine', 'NRK', '0000-00-00', 9, '2000000.00', '0.00', '0.00', '0.00', '', 'yes', 'admin', '2014-07-23 06:28:08'),
(9, '8990333162051', '', '', 'ALK', '0000-00-00', 12, '0.00', '0.00', '0.00', '0.00', '', 'yes', 'admin', '2014-07-28 02:26:14'),
(10, '8990333162051', '', 'Kalpanax', 'CPS', '0000-00-00', 1, '100000.00', '0.00', '0.00', '110000.00', '', 'no', 'admin', '2014-07-28 02:27:12'),
(11, '8996006856203', '', 'teh botol', 'INF', '0000-00-00', 2, '7000.00', '0.00', '0.00', '0.00', '', 'yes', 'admin', '2014-07-28 02:34:19'),
(12, '8996006856203', '', 'test', 'ALK', '0000-00-00', 3, '10000.00', '0.00', '0.00', '0.00', '', 'yes', 'admin', '2014-07-28 03:20:41'),
(13, '01928341290481259', '', 'Cimeng', 'NRK', '2015-12-13', 8, '100000.00', '0.00', '0.00', '110000.00', 'CV Punyah Dogen', 'no', 'admin', '2014-08-11 02:52:59'),
(14, '124123124123', '', 'Duit', 'OBK', '0000-00-00', 5, '100000.00', '0.00', '0.00', '110000.00', 'aku', 'no', 'admin', '2014-08-14 01:49:19'),
(15, '124123124123', '', 'Duit', 'OBK', '0000-00-00', 5, '100000000.00', '0.00', '0.00', '106000000.00', 'aku', 'no', 'admin', '2014-08-14 01:54:51'),
(16, '1249328091', '', 'Kalpanak', 'SYP', '0000-00-00', 9, '100000.00', '0.00', '0.00', '110000.00', 'merdeka', 'no', 'admin', '2014-08-14 01:55:13'),
(17, '1234123124124', '', 'test', 'ALK', '0000-00-00', 14, '100000.00', '0.00', '0.00', '110000.00', 'test aja ', 'yes', 'admin', '2014-08-16 12:52:40'),
(18, '1234123124124', 'test', 'test', 'ALK', '0000-00-00', 5, '120000.00', '10.00', '12000.00', '132000.00', 'test aja ', 'no', 'admin', '2014-08-16 12:57:15'),
(19, '342545325235', '0', 'keringat', 'PT Mabok B', '1970-01-01', 15, '10000.00', '0.00', '0.00', '11500.00', '0', 'yes', 'admin', '2014-08-29 14:52:59'),
(22, '2523635235', 'morp', 'morphine', 'NRK', '2016-12-23', 10, '0.00', '0.00', '0.00', '0.00', 'PT Mabok Bersama', 'yes', 'admin', '2014-08-29 15:02:07'),
(23, '2523635235', 'morp', 'morphine', 'NRK', '2016-12-23', 10, '0.00', '0.00', '0.00', '0.00', 'PT Mabok Bersama', 'yes', 'admin', '2014-08-29 15:07:23'),
(24, '4141424141', 'inx', 'inex', 'NRK', '2016-12-30', 12, '100000.00', '0.00', '0.00', '110000.00', 'CV Punyah Dogen', 'no', 'admin', '2014-08-29 15:09:10'),
(25, '7891274091280912', 'mxgrp', 'mixagrip', 'OBS', '2019-02-23', 3, '5000.00', '0.00', '0.00', '5750.00', 'UD Guguk', 'no', 'admin', '2014-08-30 03:33:46'),
(26, '', 'obtbtk', 'obat batuk', 'TBL', '2014-11-05', -9, '500.00', '0.00', '0.00', '575.00', 'PT Mabok Bersama', 'no', 'admin', '2014-11-01 05:47:41');

-- --------------------------------------------------------

--
-- Table structure for table `apt_price_setting`
--

CREATE TABLE IF NOT EXISTS `apt_price_setting` (
  `id_price` int(11) NOT NULL AUTO_INCREMENT,
  `price_start` decimal(20,2) NOT NULL,
  `price_end` decimal(20,2) NOT NULL,
  `price_rate` decimal(5,2) NOT NULL,
  `price_void` enum('yes','no') NOT NULL DEFAULT 'no',
  `price_update_by` varchar(100) NOT NULL,
  `price_update_on` timestamp NOT NULL DEFAULT CURRENT_TIMESTAMP,
  PRIMARY KEY (`id_price`)
) ENGINE=InnoDB  DEFAULT CHARSET=utf8 AUTO_INCREMENT=8 ;

--
-- Dumping data for table `apt_price_setting`
--

INSERT INTO `apt_price_setting` (`id_price`, `price_start`, `price_end`, `price_rate`, `price_void`, `price_update_by`, `price_update_on`) VALUES
(1, '0.00', '99999.00', '15.00', 'no', 'Admin', '2014-08-11 03:29:29'),
(2, '100000.00', '499999.00', '10.00', 'no', 'Admin', '2014-08-11 03:29:29'),
(6, '500000.00', '1000000.00', '8.00', 'no', 'testing', '2014-08-11 08:17:41'),
(7, '1000001.00', '2999999.00', '6.00', 'no', 'testing', '2014-08-11 08:22:19');

-- --------------------------------------------------------

--
-- Table structure for table `apt_return_item`
--

CREATE TABLE IF NOT EXISTS `apt_return_item` (
  `id_ret_item` int(11) NOT NULL AUTO_INCREMENT,
  `aptr_paycode` varchar(255) NOT NULL,
  `aptr_item_id` int(11) NOT NULL,
  `aptr_jumlah` int(11) NOT NULL,
  `aptr_price` decimal(20,2) NOT NULL,
  `aptr_update_on` timestamp NOT NULL DEFAULT CURRENT_TIMESTAMP,
  `aptr_update_by` varchar(255) NOT NULL,
  PRIMARY KEY (`id_ret_item`)
) ENGINE=InnoDB  DEFAULT CHARSET=latin1 AUTO_INCREMENT=6 ;

--
-- Dumping data for table `apt_return_item`
--

INSERT INTO `apt_return_item` (`id_ret_item`, `aptr_paycode`, `aptr_item_id`, `aptr_jumlah`, `aptr_price`, `aptr_update_on`, `aptr_update_by`) VALUES
(2, '20140823024922', 27, 2, '198000.00', '2014-09-06 06:12:31', 'admin'),
(3, '20141011094310', 46, 6, '28750.00', '2014-10-11 01:44:34', 'admin'),
(4, '20141011092132', 43, 10, '28750.00', '2014-10-11 01:45:12', 'admin'),
(5, '20141011112333', 47, 15, '57500.00', '2014-10-11 03:24:00', 'admin');

-- --------------------------------------------------------

--
-- Table structure for table `apt_session`
--

CREATE TABLE IF NOT EXISTS `apt_session` (
  `session_id` varchar(40) NOT NULL DEFAULT '0',
  `ip_address` varchar(45) NOT NULL DEFAULT '0',
  `user_agent` varchar(255) NOT NULL,
  `last_activity` int(10) unsigned NOT NULL DEFAULT '0',
  `user_data` text NOT NULL,
  PRIMARY KEY (`session_id`)
) ENGINE=InnoDB DEFAULT CHARSET=utf8 ROW_FORMAT=DYNAMIC;

--
-- Dumping data for table `apt_session`
--

INSERT INTO `apt_session` (`session_id`, `ip_address`, `user_agent`, `last_activity`, `user_data`) VALUES
('1a8c1f9e0d0e35cff28466dd10a98488', '::1', 'Mozilla/5.0 (Windows NT 6.2; WOW64) AppleWebKit/537.36 (KHTML, like Gecko) Chrome/38.0.2125.111 Safari/537.36', 1415969060, ''),
('2af4063503ecb52bb7e421424fae8e67', '::1', 'Mozilla/5.0 (Windows NT 6.2; WOW64) AppleWebKit/537.36 (KHTML, like Gecko) Chrome/38.0.2125.111 Safari/537.36', 1415969060, ''),
('b344da38ff9a6de1f0fc857aa96a4271', '::1', 'Mozilla/5.0 (Windows NT 6.2; WOW64) AppleWebKit/537.36 (KHTML, like Gecko) Chrome/38.0.2125.111 Safari/537.36', 1415969060, '');

-- --------------------------------------------------------

--
-- Table structure for table `apt_supplier`
--

CREATE TABLE IF NOT EXISTS `apt_supplier` (
  `id_supplier` int(11) NOT NULL AUTO_INCREMENT,
  `sup_name` varchar(255) NOT NULL,
  `sup_alamat` text NOT NULL,
  `sup_void` enum('yes','no') NOT NULL DEFAULT 'no',
  `sup_telp` varchar(100) NOT NULL,
  `sup_update_by` varchar(255) NOT NULL,
  `sup_update_on` timestamp NOT NULL DEFAULT CURRENT_TIMESTAMP,
  PRIMARY KEY (`id_supplier`)
) ENGINE=InnoDB  DEFAULT CHARSET=latin1 AUTO_INCREMENT=5 ;

--
-- Dumping data for table `apt_supplier`
--

INSERT INTO `apt_supplier` (`id_supplier`, `sup_name`, `sup_alamat`, `sup_void`, `sup_telp`, `sup_update_by`, `sup_update_on`) VALUES
(1, 'PT Mabok Bersama', 'jalan jalan ga jelas', 'no', '0120841093', 'admin', '2014-08-11 03:04:10'),
(2, 'CV Punyah Dogen', 'menek tuun', 'no', '239042384', 'Admin', '2014-08-11 06:44:30'),
(3, 'UD Guguk', 'Ditu be', 'no', '2342380498', 'Admin', '2014-08-11 06:44:30'),
(4, 'Maju Kena Mundur Kena', 'jalan kesini', 'no', '124123123123', 'testing', '2014-08-11 07:11:09');

-- --------------------------------------------------------

--
-- Table structure for table `apt_user`
--

CREATE TABLE IF NOT EXISTS `apt_user` (
  `id_user` int(11) NOT NULL AUTO_INCREMENT,
  `ur_password` varchar(255) NOT NULL,
  `ur_nama` varchar(100) NOT NULL,
  `ur_email` varchar(100) NOT NULL,
  `ur_level` varchar(255) CHARACTER SET latin1 COLLATE latin1_general_ci NOT NULL DEFAULT 'user',
  `ur_position` varchar(100) NOT NULL,
  `ur_telpon` varchar(20) DEFAULT NULL,
  `ur_username` varchar(30) NOT NULL,
  `ur_approved` enum('yes','no') NOT NULL DEFAULT 'no',
  `ur_approve_by` varchar(255) DEFAULT NULL,
  PRIMARY KEY (`id_user`)
) ENGINE=InnoDB  DEFAULT CHARSET=latin1 AUTO_INCREMENT=4 ;

--
-- Dumping data for table `apt_user`
--

INSERT INTO `apt_user` (`id_user`, `ur_password`, `ur_nama`, `ur_email`, `ur_level`, `ur_position`, `ur_telpon`, `ur_username`, `ur_approved`, `ur_approve_by`) VALUES
(1, 'a94a8fe5ccb19ba61c4c0873d391e987982fbbd3', 'testing', 'test@tmail.com', 'user', 'cashier', '0889798687', 'baru', 'yes', 'admin'),
(2, 'a94a8fe5ccb19ba61c4c0873d391e987982fbbd3', 'Administrator', 'admin@application.com', 'developer', 'admin', '082284460840', 'Admin', 'yes', NULL),
(3, 'd033e22ae348aeb5660fc2140aec35850c4da997', 'admin', 'admin@application.com', 'developer', 'admin', '2348230941240', 'admin', 'yes', NULL);

/*!40101 SET CHARACTER_SET_CLIENT=@OLD_CHARACTER_SET_CLIENT */;
/*!40101 SET CHARACTER_SET_RESULTS=@OLD_CHARACTER_SET_RESULTS */;
/*!40101 SET COLLATION_CONNECTION=@OLD_COLLATION_CONNECTION */;
